1539560579,2.015445,8.583593,7.0612383
1539560579,-1.2590547,-5.9218655,5.845269
1539560579,-5.653778,-11.925115,15.400681
1539560579,-2.8771553,-9.5219,14.012369
1539560579,-2.2643836,-8.545295,10.757019
1539560579,-3.3175852,-9.96233,7.6452866
1539560579,-5.002708,-12.90172,6.6591067
1539560579,-5.414414,-13.303852,7.243155
1539560579,-4.935686,-12.107032,9.052747
1539560579,-4.0931244,-11.551707,9.569773
1539560579,-3.3175852,-10.278291,9.665519
1539560579,-2.0537431,-8.928278,9.876159
1539560579,-1.2973529,-8.727212,9.971905
1539560579,-1.4601204,-8.746361,9.502751
1539560579,-1.6324625,-7.0995364,8.784659
1539560579,-1.4888442,-5.1176023,8.439975
1539560579,-1.2494801,-2.9250283,8.708063
1539560579,-0.751603,-0.12925656,8.382527
1539560579,-0.03351096,1.4984187,7.6261373
1539560579,0.34947145,2.666515,6.9559183
1539560579,0.50266445,3.9590807,6.9463434
1539560579,0.83777404,5.28037,7.1186857
1539560579,1.5654407,6.9654927,7.02294
1539560579,2.6569405,7.7984796,6.678256
1539560579,3.059072,7.003791,6.285699
1539560579,2.4654493,6.515488,5.912291
1539560579,1.622888,6.8888965,5.9027166
1539560579,1.3260766,7.511243,6.323997
1539560579,1.3069274,7.3197513,6.9654927
1539560579,0.7420284,6.486765,7.6452866
1539560579,0.00478728,4.782493,8.028269
1539560579,-0.3398969,1.9962958,8.085716
1539560579,-0.40691882,-0.46436617,8.248484
1539560579,-0.46436617,-0.46436617,8.650616
1539560579,-0.47394073,0.70373017,9.29211
1539560579,-0.9718179,0.69415563,10.699572
1539560579,-2.0633178,-1.9962958,10.94851
1539560579,-4.2080193,-4.8973875,10.709146
1539560579,-5.0984535,-8.583593,9.445304
1539560579,-4.935686,-14.395351,11.025106
1539560579,-5.2133484,-18.158154,13.179382
1539560579,-6.103782,-15.314509,14.031518
1539560579,-3.384607,-10.316589,12.729378
1539560579,-1.9675722,-7.6069884,9.177217
1539560579,-4.8303657,-9.569773,7.702734
1539560579,-7.02294,-14.500671,8.612317
1539560579,-6.2282515,-15.352808,9.952756
1539560579,-3.5856729,-12.288948,9.885734
1539560579,-2.0058703,-9.579348,9.464453
1539560579,-0.78032666,-8.00912,9.158067
1539560579,-0.22500217,-7.1186857,8.822957
1539560579,-0.6271337,-6.5537868,8.44955
1539560579,-1.0675635,-5.28037,8.420826
1539560579,-0.56011176,-3.0111992,8.612317
1539560579,0.26330042,-0.85692316,8.363379
1539560579,0.47394073,0.9718179,7.788905
1539560579,-0.081383765,3.4133308,7.7123084
1539560579,0.09095833,5.4431376,7.9420977
1539560579,1.0579889,7.0708127,7.6452866
1539560579,2.2069361,8.363379,7.35805
1539560579,2.9441774,8.621892,6.4484663
1539560579,2.580344,7.6452866,5.634629
1539560579,1.9771467,7.2144313,5.5484576
1539560579,1.6037389,7.846352,5.8548436
1539560579,1.4026731,7.8367777,6.5729356
1539560579,0.90479594,6.7931504,7.204857
1539560579,0.16755481,4.954835,7.6740103
1539560579,-0.2441513,2.647366,7.8846507
1539560579,-0.47394073,0.8090504,8.095291
1539560579,-0.8952214,0.8090504,8.401677
1539560579,-1.2399056,1.7665064,9.263388
1539560579,-1.776081,1.5462915,10.259142
1539560579,-4.1888704,-9.397431,9.014449
1539560579,-4.696322,-13.23683,9.569773
1539560580,0.25372586,-2.2643836,7.8272033
1539560580,1.6611862,7.654861,6.8027253
1539560580,-0.49308985,2.867581,8.439975
1539560580,-10.364462,-17.985811,13.418746
1539560580,-1.1824582,-7.4920936,8.621892
1539560580,-0.76117754,-3.451629,8.152739
1539560580,-0.3111732,1.2303311,8.382527
1539560580,0.7324539,3.8537605,7.0325146
1539560580,2.4463003,8.66019,7.0325146
1539560580,2.6186423,7.2910275,6.0463347
1539560580,1.14416,6.065484,6.1995277
1539560580,0.56011176,4.342063,7.5591154
1539560580,-0.2441513,0.42606795,8.00912
1539560580,-0.6271337,-0.6271337,8.928278
1539560580,-2.5994933,-4.303765,10.5080805
1539560580,-5.672927,-11.034681,10.699572
1539560580,-5.960164,-14.050668,13.303852
1539560580,-3.1835413,-9.799562,11.436812
1539560580,-5.529309,-11.618729,7.7123084
1539560580,-5.5484576,-13.141085,9.0814705
1539560580,-2.5994933,-9.024023,9.502751
1539560580,-1.3739494,-7.2240057,9.100619
1539560580,-0.85692316,-5.538883,8.459125
1539560580,-0.39734426,-1.7473572,8.583593
1539560580,0.45479164,2.3984275,7.961247
1539560580,0.91437054,5.644203,7.4442205
1539560580,1.4218222,7.46337,7.9325233
1539560580,2.972901,8.056993,6.869747
1539560580,2.0441687,6.4197426,5.6633525
1539560580,1.2207564,5.950589,6.764427
1539560580,0.20585304,2.408002,7.5782647
1539560580,-0.37819514,-0.8856468,8.4686985
1539560580,-1.7473572,-1.948423,10.795317
1539560580,-4.5144053,-7.9325233,10.689997
1539560580,-5.222923,-14.941102,12.288948
1539560580,-3.4707782,-11.436812,13.332576
1539560580,-3.3271596,-7.5303917,8.880404
1539560580,-6.525063,-12.719804,7.549541
1539560580,-3.4612036,-10.71872,8.487848
1539560580,-1.3452257,-7.2910275,9.253813
1539560580,-1.0771381,-6.47719,9.407005
1539560580,-0.7994758,-3.6335456,8.200611
1539560580,0.751603,1.9962958,7.46337
1539560580,0.99096704,5.194199,7.9708214
1539560580,1.8431029,7.6835847,7.7601814
1539560580,3.2026904,7.5208173,5.979313
1539560580,1.3643749,5.2133484,6.783576
1539560581,1.2782038,6.0559096,8.210186
1539560581,-0.110107444,1.5367169,8.947427
1539560581,-0.63670826,-0.61755913,9.253813
1539560581,-1.6899099,-1.14416,10.661273
1539560581,-4.2558923,-5.2420716,10.431483
1539560581,-4.2463174,-9.359133,11.666602
1539560581,-3.6143966,-9.244238,10.364462
1539560581,-5.1367517,-11.302769,8.899554
1539560581,-4.6005764,-12.269799,9.119769
1539560581,-3.078221,-10.527229,10.421909
1539560581,-1.5654407,-6.697405,8.612317
1539560581,-0.751603,-5.088879,8.688913
1539560581,0.4164934,0.33032233,7.635712
1539560581,0.3877697,2.2165108,7.788905
1539560581,1.2303311,5.605905,7.46337
1539560581,1.8909757,8.258059,7.693159
1539560581,1.7665064,7.2527294,7.2527294
1539560581,0.90479594,6.8888965,7.9803963
1539560581,-0.15798025,3.4229054,9.004874
1539560581,-0.90479594,0.19627848,9.991054
1539560581,-1.7856555,-0.17712937,10.527229
1539560581,-3.1548176,-2.7814097,9.464453
1539560581,-3.3750327,-7.204857,9.636795
1539560581,-3.8346114,-11.532558,10.479357
1539560581,-3.6239712,-11.168725,9.31126
1539560581,-5.82612,-11.657027,10.642124
1539560581,-4.5239797,-13.476193,10.575102
1539560581,-2.4558747,-8.832532,11.1208515
1539560581,-1.929274,-6.5059137,9.866585
1539560581,-0.4356425,-6.285699,8.372953
1539560581,0.45479164,-3.9016335,7.56869
1539560581,0.10053288,0.17712937,7.8846507
1539560581,-0.0718092,3.193116,7.482519
1539560581,0.6750065,6.7548523,8.612317
1539560581,1.7473572,8.056993,7.1665583
1539560581,1.3452257,6.8888965,7.6261373
1539560581,0.6079846,5.950589,7.501668
1539560581,-0.014361841,2.7718353,8.018694
1539560581,-0.71330476,-0.062234644,9.943181
1539560581,-3.193116,-2.6090677,9.914457
1539560581,-3.825037,-9.809137,9.2825365
1539560581,-2.972901,-9.943181,10.517654
1539560581,-3.9590807,-11.676176,10.92936
1539560581,-3.9782298,-10.71872,8.736787
1539560581,-4.389936,-11.15915,10.153821
1539560581,-2.8963046,-9.29211,9.3878565
1539560581,-2.0728924,-5.0505805,9.809137
1539560581,-1.6037389,-5.682502,9.474028
1539560581,-0.2154276,-2.7239625,7.635712
1539560581,-0.47394073,0.45479164,8.985725
1539560581,0.46436617,3.0016246,7.137835
1539560581,1.3548003,6.0750585,7.9708214
1539560581,1.3069274,7.2527294,7.999545
1539560581,1.8431029,6.5059137,6.37187
1539560581,0.90479594,4.2654667,8.028269
1539560581,0.4164934,2.5324712,7.4154973
1539560581,-0.359046,-1.929274,8.813383
1539560581,-2.1111906,-3.8346114,10.670848
1539560581,-3.3175852,-5.2899446,11.455961
1539560581,-4.131423,-10.555953,12.087883
1539560581,-2.9154537,-12.805975,9.5219
1539560581,-2.7048132,-9.770839,9.148493
1539560582,-4.6867476,-8.851681,7.922949
1539560582,-3.0494976,-8.947427,8.66019
1539560582,-2.0824668,-6.0080366,9.818711
1539560582,-1.3548003,-4.658024,8.104865
1539560582,-0.70373017,-3.4229054,8.784659
1539560582,-0.32074776,0.03351096,8.382527
1539560582,0.27287498,2.8484318,7.961247
1539560582,1.0675635,5.672927,8.5740185
1539560582,1.383524,8.200611,8.937852
1539560582,1.6420372,6.7357035,7.894225
1539560582,1.0867126,4.0548263,7.664436
1539560582,0.4164934,2.2260852,8.229335
1539560582,-0.13883112,-1.2590547,8.66019
1539560582,-1.0388398,-3.1548176,9.7899885
1539560582,-2.867581,-5.194199,10.479357
1539560582,-3.4899273,-8.085716,11.226172
1539560582,-3.5952475,-11.714475,10.795317
1539560582,-2.513322,-10.307014,9.742115
1539560582,-4.169721,-8.621892,7.482519
1539560582,-4.543129,-10.919786,8.21976
1539560582,-2.4463003,-9.330409,9.330409
1539560582,-2.3984275,-5.960164,9.483603
1539560582,-1.5941644,-5.9314404,8.296356
1539560582,-0.90479594,-2.7239625,7.9037995
1539560582,-0.110107444,1.6994845,7.7123084
1539560582,0.8856468,4.9452605,7.482519
1539560582,1.79523,8.564445,8.631466
1539560582,2.2069361,7.9899707,7.5303917
1539560582,1.8718265,5.644203,7.12826
1539560582,1.0771381,5.692076,8.401677
1539560582,0.0,1.3356512,8.593168
1539560582,-0.32074776,-0.70373017,8.535721
1539560582,-1.2590547,-2.88673,10.0868
1539560582,-4.456958,-8.018694,10.804892
1539560582,-4.96441,-12.786825,11.791071
1539560582,-2.9346027,-11.49426,11.657027
1539560582,-4.658024,-9.828286,8.5740185
1539560582,-5.644203,-12.212352,8.698488
1539560582,-2.8292825,-10.6134,9.349558
1539560582,-2.0058703,-6.2665496,9.244238
1539560582,-1.0962871,-5.433563,8.143164
1539560582,-0.37819514,-1.8431029,8.21976
1539560582,0.13883112,1.8335283,7.788905
1539560582,0.8281995,4.495256,7.5974135
1539560582,1.469695,7.089962,8.23891
1539560582,1.948423,6.8601727,7.4537954
1539560582,1.4792696,6.1995277,7.137835
1539560582,0.69415563,5.6250544,7.7123084
1539560582,-0.081383765,2.0537431,8.066567
1539560582,-0.78032666,-0.63670826,8.55487
1539560582,-1.3069274,-0.9718179,9.75169
1539560582,-3.5856729,-5.2707953,10.2016945
1539560582,-5.021857,-10.393186,11.609155
1539560582,-3.9207826,-14.605992,11.465536
1539560582,-1.6611862,-13.016615,9.148493
1539560582,-4.658024,-6.4676156,8.32508
1539560582,-6.2282515,-9.397431,10.6134
1539560582,-2.187787,-8.248484,10.709146
1539560582,-1.6899099,-5.1367517,9.761265
1539560582,-0.93351966,-3.8537605,8.832532
1539560582,-0.34947145,0.18670394,8.430401
1539560582,-0.014361841,3.844186,7.6835847
1539560583,0.8090504,4.303765,6.2474008
1539560583,1.5654407,7.4250717,6.7261286
1539560583,1.6707608,8.2676325,6.869747
1539560583,1.6994845,7.137835,7.003791
1539560583,0.8281995,6.0846334,8.21976
1539560583,-0.023936402,1.9867213,8.966576
1539560583,-0.8281995,-1.0867126,9.713391
1539560583,-2.2452345,-3.6622694,10.393186
1539560583,-3.4324799,-6.8122997,11.896391
1539560583,-3.8920588,-11.513409,12.805975
1539560583,-3.1835413,-13.591088,10.182545
1539560583,-2.3505547,-8.23891,7.808054
1539560583,-5.7686725,-9.866585,8.6697645
1539560583,-3.1643922,-10.575102,9.818711
1539560583,-1.469695,-7.3676243,9.5889225
1539560583,-1.5462915,-6.7931504,8.650616
1539560583,-0.61755913,-5.3378177,7.5399666
1539560583,-0.5313881,-2.0920415,7.310177
1539560583,-0.359046,1.7856555,7.3006024
1539560583,-0.2154276,4.303765,7.4729443
1539560583,0.6079846,7.5303917,8.698488
1539560583,1.9388485,8.133589,8.516571
1539560583,1.79523,6.869747,7.664436
1539560583,1.3069274,6.9271946,7.9420977
1539560583,0.47394073,3.777164,8.372953
1539560583,-0.03351096,-0.28244954,9.167642
1539560583,-1.1633091,0.3398969,10.881488
1539560583,-2.7431116,-3.3175852,11.848518
1539560583,-4.322914,-9.54105,11.781497
1539560583,-3.451629,-11.618729,12.537887
1539560583,-1.8239537,-10.469782,9.54105
1539560583,-4.303765,-9.8953085,7.434646
1539560583,-4.8303657,-11.848518,9.071896
1539560583,-1.5941644,-8.650616,9.071896
1539560583,-1.1250108,-5.988888,8.641041
1539560583,-1.0675635,-4.5335546,7.7601814
1539560583,-0.36862057,-0.85692316,7.6261373
1539560583,0.78032666,2.9250283,7.4729443
1539560583,1.1728836,5.672927,7.8846507
1539560583,1.4984187,8.028269,8.258059
1539560583,2.2069361,7.3389006,7.396348
1539560583,1.6994845,4.73462,7.329326
1539560583,0.8186249,4.1792955,8.028269
1539560583,-0.0718092,-0.85692316,8.334655
1539560583,-1.0484143,-4.303765,9.502751
1539560583,-2.4175766,-6.3144226,12.298523
1539560583,-4.131423,-8.411251,13.390023
1539560583,-2.8292825,-9.483603,10.958084
1539560583,-2.7909844,-9.339984,7.4250717
1539560583,-4.7058964,-10.038927,8.4686985
1539560583,-3.690993,-10.565528,9.560199
1539560583,-2.2260852,-7.281453,10.048501
1539560583,-2.1207652,-5.682502,9.617646
1539560583,-0.98139244,-3.8633351,8.363379
1539560583,-0.26330042,-1.3452257,8.018694
1539560583,0.12925656,0.93351966,7.7793303
1539560583,0.23457673,3.604822,8.00912
1539560583,1.3165021,7.5208173,8.928278
1539560583,2.4175766,8.439975,8.229335
1539560583,2.2835326,6.764427,7.434646
1539560583,1.5367169,5.835695,8.076141
1539560583,0.5218136,3.039923,8.889979
1539560583,-0.15798025,-0.8281995,9.225089
1539560583,-1.0388398,-0.5218136,10.2016945
1539560584,-2.5516202,-3.3558834,10.441058
1539560584,-4.5144053,-8.698488,10.814466
1539560584,-3.4133308,-11.05383,11.666602
1539560584,-3.384607,-11.015532,10.096374
1539560584,-5.38569,-9.502751,8.851681
1539560584,-4.8782387,-10.345312,9.435729
1539560584,-2.6090677,-8.928278,9.876159
1539560584,-1.8431029,-6.113357,9.41658
1539560584,-1.0292653,-5.567607,8.104865
1539560584,-0.6079846,-3.1835413,7.5303917
1539560584,-0.26330042,0.17712937,7.12826
1539560584,0.15798025,3.1452432,6.9559183
1539560584,0.34947145,6.4484663,8.056993
1539560584,1.2877784,8.765511,8.478273
1539560584,1.9196993,7.961247,7.875076
1539560584,1.0196906,6.3527207,8.018694
1539560584,0.3398969,4.543129,8.794233
1539560584,-0.34947145,0.39734426,9.110194
1539560584,-0.9526688,-2.015445,9.445304
1539560584,-1.8431029,-3.126094,10.125097
1539560584,-3.8346114,-9.043172,11.015532
1539560584,-3.9495063,-10.374036,13.380448
1539560584,-2.6760898,-8.727212,12.174053
1539560584,-4.495256,-10.632549,8.047418
1539560584,-3.7292912,-13.533641,8.641041
1539560584,-2.1111906,-9.75169,9.339984
1539560584,-1.5941644,-6.869747,9.0814705
1539560584,-0.98139244,-6.2952733,8.028269
1539560584,-0.751603,-3.059072,7.549541
1539560584,-0.4356425,0.014361841,7.329326
1539560584,-0.7994758,3.2984362,7.4537954
1539560584,0.17712937,6.1229315,8.21976
1539560584,2.0250196,7.587839,7.6452866
1539560584,1.709059,8.334655,7.137835
1539560584,0.99096704,8.4686985,7.4537954
1539560584,0.00478728,5.309094,8.21976
1539560584,-0.34947145,0.54096264,9.062322
1539560584,-0.8186249,-0.043085523,10.077225
1539560584,-2.1207652,0.15798025,11.111278
1539560584,-3.8729098,-4.150572,10.996383
1539560584,-4.7920675,-10.862339,11.072979
1539560584,-4.389936,-14.337904,12.068733
1539560584,-1.6516117,-9.598496,9.426155
1539560584,-6.017611,-10.900637,7.549541
1539560584,-4.2463174,-12.604909,9.119769
1539560584,-1.3165021,-7.9037995,9.2825365
1539560584,-1.1728836,-6.1229315,8.545295
1539560584,-0.5313881,-4.275041,7.721883
1539560584,0.062234644,-0.2154276,7.6452866
1539560584,0.3111732,3.3175852,7.204857
1539560584,0.5218136,7.35805,8.411251
1539560584,1.6803354,9.512326,8.947427
1539560584,2.1207652,7.855927,7.4920936
1539560584,0.9622433,7.999545,7.8655014
1539560584,0.03351096,5.9027166,8.717637
1539560584,-0.56011176,0.6845811,8.794233
1539560584,-1.2111819,0.4164934,10.172971
1539560584,-3.7005677,-2.647366,11.274045
1539560584,-5.17505,-10.307014,10.977234
1539560584,-4.08355,-15.190041,12.087883
1539560584,-1.6516117,-10.603826,9.407005
1539560584,-5.82612,-11.666602,7.195282
1539560585,-4.121848,-13.035764,9.234664
1539560585,-1.1537346,-8.353804,9.148493
1539560585,-1.3739494,-6.151655,8.23891
1539560585,-1.1633091,-4.9835587,7.1665583
1539560585,-0.5888355,-1.5845897,6.9080453
1539560585,0.13883112,1.9771467,6.639958
1539560585,0.14840569,5.9027166,7.6452866
1539560585,1.1537346,8.784659,8.5740185
1539560585,2.1782124,7.999545,7.5591154
1539560585,1.1345854,7.0612383,7.4537954
1539560585,0.56968635,6.6878304,8.392102
1539560585,-0.27287498,1.622888,8.755936
1539560585,-0.5505372,-0.27287498,10.153821
1539560585,-1.8048047,-0.665432,11.676176
1539560585,-3.8154624,-7.0133657,11.101703
1539560585,-4.4186597,-13.974071,12.643207
1539560585,-2.1590633,-13.265553,11.791071
1539560585,-2.5516202,-11.503835,7.3006024
1539560585,-5.6250544,-11.819795,8.095291
1539560585,-3.2984362,-10.354887,9.148493
1539560585,-1.9675722,-6.458041,9.339984
1539560585,-1.5271424,-5.8835673,8.439975
1539560585,-0.5218136,-2.6282167,8.037844
1539560585,0.25372586,1.5079932,7.7123084
1539560585,0.27287498,5.309094,8.00912
1539560585,1.3548003,7.4920936,8.631466
1539560585,2.8292825,7.7123084,7.3771987
1539560585,1.9579976,7.56869,6.984642
1539560585,1.469695,7.3006024,7.7793303
1539560585,0.70373017,2.7048132,7.961247
1539560585,0.512239,-0.47394073,9.301685
1539560585,-1.1633091,0.3877697,11.341067
1539560585,-2.8771553,-4.2558923,11.628304
1539560585,-4.437809,-10.259142,11.743198
1539560585,-3.3558834,-10.814466,12.767676
1539560585,-1.9771467,-10.498506,9.435729
1539560585,-4.5910015,-11.207023,7.4250717
1539560585,-4.466532,-12.451715,9.263388
1539560585,-1.9579976,-8.439975,9.5889225
1539560585,-1.3452257,-6.0750585,9.234664
1539560585,-0.9718179,-4.887813,8.066567
1539560585,-0.34947145,-1.5271424,7.664436
1539560585,0.3398969,2.254809,7.1857076
1539560585,0.5888355,5.538883,7.8846507
1539560585,1.1920328,7.6261373,8.6697645
1539560585,2.475024,7.8367777,7.7123084
1539560585,1.6803354,7.089962,6.9559183
1539560585,1.2590547,6.1995277,7.6069884
1539560585,0.59841,2.187787,7.7314577
1539560585,-0.00478728,-0.15798025,8.650616
1539560585,-0.98139244,0.3111732,11.063405
1539560585,-3.6335456,-3.7675896,11.561282
1539560585,-5.002708,-11.063405,11.532558
1539560585,-3.126094,-13.093211,11.321918
1539560585,-1.929274,-12.403843,7.8367777
1539560585,-5.0601554,-10.651698,7.3676243
1539560585,-4.935686,-11.015532,8.602742
1539560585,-1.8239537,-9.368708,8.822957
1539560585,-1.0675635,-6.9271946,8.612317
1539560585,-0.8664977,-6.678256,8.018694
1539560586,-0.14840569,4.8303657,8.430401
1539560586,1.4984187,7.8272033,8.143164
1539560586,-1.8431029,-3.3175852,10.594251
1539560586,-4.3803616,-13.935773,9.148493
1539560586,-1.7186337,-1.3930986,8.928278
1539560586,1.6516117,9.550624,7.7314577
1539560586,0.16755481,0.91437054,7.1474094
1539560586,-4.0931244,-12.174053,11.49426
1539560586,-2.6090677,-6.0559096,9.148493
1539560586,0.8473486,4.198445,8.372953
1539560586,1.6803354,7.3006024,7.4250717
1539560586,-2.867581,-3.0016246,10.278291
1539560586,-4.3707867,-11.676176,9.110194
1539560586,-1.6803354,-6.3622956,9.799562
1539560586,0.4164934,3.499502,7.6740103
1539560586,1.1154363,7.3867736,7.2527294
1539560587,-2.800559,-4.2271686,10.048501
1539560587,-4.389936,-13.00704,10.000628
1539560587,-0.8186249,-4.322914,8.382527
1539560587,0.9526688,7.310177,8.870831
1539560587,0.7994758,3.6431203,6.438892
1539560587,-4.0739756,-9.253813,10.938935
1539560587,-3.8729098,-10.383611,9.20594
1539560587,-0.2920241,-1.7856555,7.808054
1539560587,1.4888442,8.66019,8.23891
1539560587,-0.44521707,0.7994758,8.9761505
1539560587,-3.9016335,-11.082554,10.374036
1539560587,-2.7048132,-8.612317,9.330409
1539560587,0.0718092,2.0250196,8.277207
1539560587,1.6037389,6.9271946,7.549541
1539560587,-1.8143792,-3.0877957,9.253813
1539560587,-4.3324885,-11.570856,9.818711
1539560588,-2.0058703,-5.2037735,8.9761505
1539560588,1.0484143,4.8590894,7.9133744
1539560588,1.4888442,5.299519,7.6740103
1539560588,-3.0303483,-5.328243,10.986808
1539560588,-4.696322,-11.915541,9.320834
1539560588,-1.0867126,-4.9069624,8.296356
1539560588,2.015445,5.8548436,7.2240057
1539560588,1.2399056,4.476107,7.7506065
1539560588,-3.8824842,-7.2718787,12.107032
1539560588,-4.5144053,-11.341067,8.037844
1539560588,-0.5505372,-3.7963133,7.693159
1539560588,1.8143792,5.912291,7.2527294
1539560588,0.54096264,4.495256,9.129343
1539560588,-4.016528,-6.323997,11.886817
1539560588,-4.6293,-12.269799,8.66019
1539560588,-0.61755913,-4.4186597,7.1091113
1539560589,2.2069361,8.248484,6.745278
1539560589,-0.76117754,2.149489,10.2016945
1539560589,-4.3995104,-12.3463955,10.5080805
1539560589,-2.905879,-9.004874,8.248484
1539560589,1.1633091,3.6431203,7.310177
1539560589,1.8526775,7.482519,7.329326
1539560589,-2.9346027,-2.6377914,11.350641
1539560589,-4.916537,-13.744282,9.770839
1539560589,-0.90479594,-5.0984535,7.3867736
1539560589,0.34947145,3.844186,8.23891
1539560589,-4.303765,-11.886817,11.312344
1539560589,-3.9782298,-11.092129,9.397431
1539560589,-0.00478728,-0.99096704,7.894225
1539560589,1.7473572,7.6835847,6.2952733
1539560590,0.25372586,2.4367256,7.8272033
1539560590,-4.236743,-7.2527294,13.562365
1539560590,-4.916537,-12.422992,8.918703
1539560590,0.8952214,0.8664977,7.501668
1539560590,2.7718353,9.407005,5.873993
1539560590,-0.5792609,-0.28244954,8.803808
1539560590,-4.543129,-9.397431,12.145329
1539560590,-3.8824842,-10.125097,8.564445
1539560590,0.26330042,-0.90479594,7.654861
1539560590,2.3792782,8.842107,7.051664
1539560590,-0.9622433,0.8952214,10.460207
1539560590,-3.6622694,-9.761265,8.516571
1539560590,0.15798025,-2.2835326,7.434646
1539560590,1.1250108,7.089962,7.4729443
1539560590,-0.78032666,1.622888,9.780414
1539560591,-3.9016335,-10.958084,8.612317
1539560591,-4.8782387,-10.881488,9.722966
1539560591,0.8664977,2.2260852,7.5399666
1539560591,1.7569319,6.5825105,7.5782647
1539560591,-2.9250283,-6.984642,9.368708
1539560591,-5.06973,-12.662356,8.918703
1539560591,-0.8952214,-6.6878304,8.1623125
1539560591,1.0101161,4.3803616,7.1665583
1539560591,0.512239,4.3803616,8.621892
1539560591,-3.193116,-6.975067,9.809137
1539560591,-4.696322,-12.58576,9.493176
1539560591,-0.512239,-3.844186,7.3771987
1539560591,1.8143792,6.7931504,7.4250717
1539560591,-0.6079846,0.85692316,9.359133
1539560591,-4.2654667,-13.619812,9.043172
1539560591,-3.1356685,-9.359133,9.024023
1539560592,0.50266445,0.63670826,6.4484663
1539560592,1.4984187,6.4484663,8.296356
1539560592,-2.4654493,-4.7537694,9.493176
1539560592,-4.849515,-13.753856,9.732541
1539560592,-0.8952214,-6.668681,8.210186
1539560592,0.36862057,2.0920415,6.6208086
1539560592,0.85692316,5.28037,8.602742
1539560592,-2.0728924,-1.9196993,10.71872
1539560592,-4.504831,-13.495343,9.493176
1539560592,-1.1633091,-5.797396,8.296356
1539560592,2.1303396,5.6633525,7.0708127
1539560592,0.014361841,1.9579976,8.870831
1539560592,-3.825037,-11.36979,10.125097
1539560592,-2.9537518,-10.900637,9.225089
1539560592,0.17712937,-2.0633178,6.7357035
1539560592,1.7569319,6.6208086,7.12826
1539560593,-0.6750065,1.3165021,10.795317
1539560593,-3.4420545,-11.130426,7.9708214
1539560593,-4.1122737,-11.810221,9.5889225
1539560593,0.5313881,-2.168638,7.2623043
1539560593,2.0633178,6.4484663,6.8410234
1539560593,-0.9718179,0.39734426,10.622974
1539560593,-4.322914,-13.801729,8.411251
1539560593,-3.3271596,-9.75169,8.34423
1539560593,0.92394507,1.948423,7.8272033
1539560593,1.4792696,5.261221,7.894225
1539560593,-1.9005502,-3.8729098,9.96233
1539560593,-4.3707867,-12.968742,9.54105
1539560593,-1.6516117,-7.0803876,8.133589
1539560593,0.99096704,2.3984275,6.9176197
1539560593,1.0962871,5.644203,8.258059
1539560594,-2.8484318,-3.9207826,9.636795
1539560594,-4.6771727,-15.534724,9.234664
1539560594,-0.8952214,-5.433563,6.458041
1539560594,2.2835326,5.912291,7.0995364
1539560594,-0.665432,0.5888355,10.163396
1539560594,-4.275041,-14.471948,7.8367777
1539560594,-2.8484318,-10.5080805,6.4484663
1539560594,0.023936402,0.359046,7.549541
1539560594,2.2260852,6.8410234,8.248484
1539560594,-1.5367169,-1.9101248,9.655944
1539560594,-4.428234,-15.123018,8.535721
1539560594,-2.2260852,-8.822957,7.12826
1539560594,1.4505459,3.4324799,7.7314577
1539560594,0.69415563,4.935686,9.071896
1539560594,-3.2984362,-9.732541,7.204857
1539560594,-4.284616,-13.303852,6.438892
1539560595,-0.9526688,-7.8846507,7.1186857
1539560595,0.9718179,2.1399143,7.35805
1539560595,1.6420372,5.4431376,7.808054
1539560595,-1.9771467,-2.972901,9.809137
1539560595,-4.6675982,-14.931527,10.144247
1539560595,-0.3398969,-4.887813,6.869747
1539560595,2.187787,5.3378177,7.855927
1539560595,-0.71330476,-0.2920241,8.487848
1539560595,-4.581427,-14.30918,8.2676325
1539560595,-2.254809,-10.163396,7.616563
1539560595,0.3111732,-1.6516117,7.2144313
1539560595,1.6994845,6.47719,7.9708214
1539560595,-1.622888,-0.22500217,9.828286
1539560595,-4.4090853,-15.017698,8.372953
1539560595,-2.752686,-11.15915,6.563361
1539560595,-0.17712937,-3.2984362,6.47719
1539560596,3.126094,7.4442205,6.668681
1539560596,-1.7282082,-0.30159867,10.517654
1539560596,-4.4856815,-14.424075,10.776168
1539560596,-2.149489,-7.9037995,5.4048395
1539560596,1.8909757,0.98139244,6.9176197
1539560596,1.6994845,4.83994,8.4686985
1539560596,-4.0069537,-10.603826,10.450633
1539560596,-4.0261025,-12.154904,7.9133744
1539560596,-0.20585304,-5.28037,7.635712
1539560596,1.5941644,4.045252,7.156984
1539560596,0.93351966,4.73462,7.7314577
1539560596,-3.3558834,-4.169721,10.584677
1539560596,-5.2037735,-13.581514,9.54105
1539560596,-0.4356425,-5.414414,8.7750845
1539560596,2.7718353,5.8548436,5.7208
1539560596,-0.27287498,1.2973529,8.966576
1539560597,-5.021857,-12.872996,9.493176
1539560597,-2.5899186,-11.455961,8.516571
1539560597,0.15798025,-1.9101248,6.4197426
1539560597,1.2494801,5.1271772,7.3197513
1539560597,-0.5505372,0.8760723,9.847435
1539560597,-4.016528,-11.025106,8.957002
1539560597,-3.6239712,-11.762347,8.957002
1539560597,0.56011176,-2.4463003,7.3867736
1539560597,1.8718265,6.2282515,6.764427
1539560597,-1.622888,-2.2931073,9.349558
1539560597,-4.5144053,-13.4666195,10.259142
1539560597,-2.0441687,-8.794233,7.0133657
1539560597,0.8664977,-1.5654407,6.4963393
1539560597,1.5462915,5.222923,8.487848
1539560597,-1.2494801,-2.513322,9.608071
1539560597,-3.671844,-11.178299,8.985725
1539560598,-1.929274,-8.957002,9.41658
1539560598,0.5313881,-1.4026731,6.745278
1539560598,1.4218222,5.6633525,8.363379
1539560598,-1.6037389,-3.173967,9.368708
1539560598,-4.169721,-13.562365,10.450633
1539560598,-0.512239,-7.6740103,7.2910275
1539560598,1.2207564,1.776081,6.563361
1539560598,0.6750065,4.131423,9.225089
1539560598,-3.844186,-12.336822,10.038927
1539560598,-0.25372586,-7.35805,9.158067
1539560598,0.98139244,2.3888528,6.6591067
1539560598,0.47394073,4.868664,8.315506
1539560598,-2.149489,-5.7495236,10.421909
1539560598,-3.6239712,-13.945347,10.134672
1539560599,0.23457673,-4.849515,6.9559183
1539560599,1.9675722,6.8601727,6.333572
1539560599,-0.6750065,2.0441687,9.2825365
1539560599,-3.758015,-11.810221,10.393186
1539560599,-2.5516202,-10.450633,9.464453
1539560599,0.91437054,1.3452257,7.6261373
1539560599,1.2494801,5.2899446,6.821874
1539560599,-2.6856642,-5.634629,9.6942425
1539560599,-4.428234,-12.422992,9.818711
1539560599,-1.5941644,-6.936769,8.459125
1539560599,1.2782038,4.1792955,7.4920936
1539560599,0.8952214,3.0303483,8.133589
1539560599,-2.8580062,-8.7750845,10.000628
1539560599,-3.5090764,-11.063405,9.378282
1539560599,-0.36862057,-2.867581,7.6740103
1539560599,1.622888,6.132506,7.616563
1539560600,-0.27287498,-1.2016073,9.196365
1539560600,-3.5760984,-11.657027,10.364462
1539560600,-2.0920415,-8.305931,8.7750845
1539560600,0.9430942,1.4792696,7.156984
1539560600,1.7186337,4.581427,7.769756
1539560600,-2.0633178,-4.954835,10.144247
1539560600,-3.9399316,-11.944264,8.899554
1539560600,-1.1537346,-5.538883,8.593168
1539560600,1.8239537,4.4186597,8.037844
1539560600,0.751603,1.5654407,8.21976
1539560600,-3.930357,-10.220843,9.971905
1539560600,-2.7622607,-10.680422,9.196365
1539560600,0.014361841,-2.8292825,7.894225
1539560600,1.3069274,3.8824842,7.8272033
1539560600,0.59841,0.6079846,7.9899707
1539560600,-3.1356685,-9.6942425,9.85701
1539560601,-2.8101335,-9.761265,9.29211
1539560601,0.5888355,-1.3356512,8.439975
1539560601,1.5941644,4.3612123,7.741032
1539560601,-0.4164934,-4.016528,7.5208173
1539560601,-4.3612123,-10.757019,10.670848
1539560601,-1.7665064,-7.1091113,9.732541
1539560601,0.56968635,-0.4356425,7.348475
1539560601,1.5079932,5.021857,7.8367777
1539560601,-0.6750065,-1.9962958,9.2825365
1539560601,-4.0069537,-11.848518,10.153821
1539560601,-1.5175679,-7.35805,9.024023
1539560601,1.3260766,2.3026817,7.396348
1539560601,1.1728836,3.1548176,7.329326
1539560601,-2.7431116,-8.248484,9.62722
1539560601,-3.5856729,-12.288948,9.550624
1539560601,-0.39734426,-4.8590894,8.095291
1539560602,1.1728836,3.518651,7.511243
1539560602,1.0101161,3.5378,8.851681
1539560602,-3.0016246,-7.4920936,9.828286
1539560602,-4.0739756,-12.490014,9.359133
1539560602,0.4356425,-2.3314054,8.085716
1539560602,1.7473572,5.5771813,7.5399666
1539560602,-0.081383765,-0.7994758,7.9420977
1539560602,-3.8920588,-11.379365,10.029352
1539560602,-3.2888615,-9.426155,9.397431
1539560602,0.043085523,-1.6133134,7.846352
1539560602,1.7665064,5.950589,8.1623125
1539560602,-0.26330042,-0.33032233,9.339984
1539560602,-3.9495063,-11.819795,9.7899885
1539560602,-3.0877957,-8.909128,9.62722
1539560602,0.9430942,1.6707608,7.1474094
1539560603,1.6420372,4.811217,6.8027253
1539560603,-2.1111906,-1.6420372,10.115523
1539560603,-4.96441,-13.533641,10.345312
1539560603,-2.1207652,-7.3389006,8.23891
1539560603,0.78990126,2.9824755,7.635712
1539560603,1.8239537,4.83994,7.788905
1539560603,-2.6090677,-5.376116,10.038927
1539560603,-4.6867476,-12.365545,9.31126
1539560603,-1.3452257,-6.323997,8.34423
1539560603,1.2016073,4.0356774,7.702734
1539560603,1.3452257,4.811217,8.047418
1539560603,-3.4612036,-6.304848,10.776168
1539560603,-4.1792955,-13.016615,8.5740185
1539560603,-0.6558574,-4.83994,7.855927
1539560603,1.8909757,5.8644185,7.5591154
1539560603,0.11968201,0.27287498,8.076141
1539560604,-4.619725,-11.82937,9.780414
1539560604,-2.6952388,-10.29744,8.516571
1539560604,-0.023936402,-0.37819514,8.037844
1539560604,2.2739582,5.06973,7.2910275
1539560604,-0.6271337,-1.8335283,9.675094
1539560604,-4.5622783,-13.150659,9.722966
1539560604,-1.9771467,-7.7314577,8.334655
1539560604,1.0196906,3.4707782,7.654861
1539560604,1.5558661,3.9207826,7.4729443
1539560604,-2.3888528,-6.1229315,9.445304
1539560604,-5.0314317,-13.907049,9.244238
1539560604,-1.5079932,-5.8548436,8.487848
1539560604,1.2016073,5.17505,7.8176284
1539560604,1.3165021,3.4037561,7.9708214
1539560604,-3.2792869,-9.368708,10.287866
1539560604,-4.0739756,-12.46129,9.091045
1539560605,0.7324539,1.0005416,7.8176284
1539560605,1.6899099,5.3952646,7.6740103
1539560605,-1.1154363,-3.2984362,8.401677
1539560605,-4.8590894,-13.581514,10.125097
1539560605,-1.776081,-7.3676243,8.698488
1539560605,1.5271424,5.7303743,7.9899707
1539560605,-2.4367256,-5.9697385,9.225089
1539560605,0.09095833,-2.6186423,7.8272033
1539560605,1.5654407,6.2952733,7.348475
1539560605,0.16755481,1.5175679,8.420826
1539560605,-3.9590807,-10.94851,9.426155
1539560605,-3.6526947,-10.862339,9.885734
1539560605,0.062234644,-0.76117754,8.277207
1539560605,2.0537431,7.042089,7.042089
1539560606,-0.93351966,0.03351096,9.359133
1539560606,-4.3324885,-11.982562,9.608071
1539560606,-3.1548176,-10.6134,9.378282
1539560606,1.1728836,1.8239537,7.281453
1539560606,1.2877784,6.2282515,7.243155
1539560606,-2.2260852,-2.2739582,9.148493
1539560606,-4.6675982,-12.422992,10.105948
1539560606,-1.6133134,-7.3676243,9.349558
1539560606,0.8664977,2.6377914,7.1091113
1539560606,1.1728836,5.2037735,7.348475
1539560606,-3.2792869,-6.094208,10.852764
1539560606,-4.4186597,-12.90172,9.024023
1539560606,-1.2207564,-6.5825105,8.286782
1539560606,1.5750152,5.3569665,6.9271946
1539560606,0.63670826,4.284616,8.909128
1539560607,-2.9537518,-5.500585,8.966576
1539560607,-5.261221,-13.830453,9.828286
1539560607,-0.69415563,-5.3186684,7.875076
1539560607,0.98139244,3.0494976,7.0325146
1539560607,1.2877784,3.930357,7.855927
1539560607,-2.7909844,-7.1474094,11.503835
1539560607,-4.121848,-13.23683,8.602742
1539560607,-0.081383765,-2.9250283,6.984642
1539560607,1.4122477,5.4048395,7.5974135
1539560607,-0.34947145,-0.22500217,8.200611
1539560607,-4.476107,-11.542132,10.307014
1539560607,-2.7909844,-11.695326,8.612317
1539560607,-0.33032233,-3.346309,7.2240057
1539560607,1.5558661,5.979313,7.310177
1539560607,-0.45479164,1.6420372,9.85701
1539560607,-3.6622694,-10.163396,10.144247
1539560608,-3.365458,-11.216598,9.196365
1539560608,0.9622433,1.8335283,7.4250717
1539560608,1.2877784,5.4718614,7.3771987
1539560608,-0.93351966,-1.8048047,9.41658
1539560608,-4.284616,-13.13151,9.809137
1539560608,-1.6899099,-7.9899707,8.631466
1539560608,1.5175679,3.4037561,7.4729443
1539560608,0.8473486,4.696322,8.277207
1539560608,-3.0111992,-5.7782474,9.244238
1539560608,-4.6675982,-14.290031,10.019777
1539560608,-0.27287498,-5.481436,7.875076
1539560608,0.40691882,4.9835587,7.3389006
1539560608,-0.014361841,4.351638,8.880404
1539560608,-2.0633178,-6.9176197,8.9761505
1539560608,-3.671844,-14.395351,10.172971
1539560608,0.59841,-1.9196993,7.8272033
1539560609,1.5941644,5.739949,6.9080453
1539560609,-0.42606795,0.8952214,8.947427
1539560609,-3.9686553,-13.198531,10.211268
1539560609,-1.9101248,-9.3878565,9.20594
1539560609,1.6611862,3.2888615,7.4729443
1539560609,0.9430942,4.5910015,7.5303917
1539560609,-2.819708,-4.801642,9.608071
1539560609,-4.1122737,-12.997466,10.5080805
1539560609,-0.61755913,-6.6878304,8.439975
1539560609,0.93351966,3.690993,7.204857
1539560609,1.0484143,5.28037,8.104865
1539560609,-2.254809,-3.6814184,9.703817
1539560609,-4.782493,-14.605992,10.316589
1539560609,-0.13883112,-4.466532,8.11444
1539560609,1.6899099,6.2282515,7.1665583
1539560609,0.4164934,3.0494976,8.171887
1539560610,-3.8537605,-8.612317,10.115523
1539560610,-3.518651,-12.327247,10.287866
1539560610,1.383524,5.5484576,7.4154973
1539560610,0.40691882,3.9590807,8.392102
1539560610,-2.9154537,-6.1612296,9.349558
1539560610,-4.5910015,-13.811303,11.025106
1539560610,0.47394073,-3.3271596,7.7793303
1539560610,1.6707608,7.2527294,6.6208086
1539560610,-0.63670826,1.9962958,9.636795
1539560610,-3.126094,-8.679339,9.828286
1539560610,-3.6622694,-11.82937,10.335738
1539560610,0.3398969,-2.101616,7.511243
1539560610,1.5558661,7.4920936,7.3006024
1539560610,-0.44521707,1.8143792,9.454879
1539560611,-3.5473747,-10.488931,9.31126
1539560611,-3.020774,-11.7336235,10.575102
1539560611,0.8856468,0.11968201,7.1857076
1539560611,1.709059,7.1186857,6.764427
1539560611,-1.4505459,-0.6271337,9.196365
1539560611,-4.6388745,-13.13151,10.488931
1539560611,-1.0388398,-8.382527,9.742115
1539560611,0.22500217,2.752686,7.5782647
1539560611,1.1633091,6.4293175,6.6495323
1539560611,-1.8814012,-5.079304,9.971905
1539560611,-3.6526947,-14.213435,10.699572
1539560611,-0.18670394,-5.5484576,7.894225
1539560611,0.50266445,5.002708,6.783576
1539560611,-0.14840569,3.9016335,7.8367777
1539560611,-2.9346027,-7.846352,10.096374
1539560611,-3.4037561,-13.610238,10.814466
1539560612,0.751603,-1.6037389,7.9133744
1539560612,1.0292653,6.8410234,6.5537868
1539560612,-1.2973529,-0.110107444,8.229335
1539560612,-3.4324799,-10.967659,10.728295
1539560612,-2.9346027,-12.911295,10.038927
1539560612,-0.11968201,-3.2026904,6.697405
1539560612,1.3260766,7.549541,5.2516465
1539560612,-1.0196906,2.1973617,10.268716
1539560612,-2.6282167,-9.033598,10.06765
1539560612,-3.5090764,-13.677259,10.220843
1539560612,1.709059,-0.043085523,6.525063
1539560612,1.0962871,6.1995277,6.8122997
1539560612,-1.8239537,-0.7324539,9.483603
1539560612,-3.671844,-12.738953,9.866585
1539560612,-1.3930986,-10.584677,9.31126
1539560612,0.13883112,-0.03351096,7.35805
1539560613,0.59841,7.0708127,7.2718787
1539560613,-1.1824582,0.5313881,9.225089
1539560613,-3.8346114,-12.729378,11.05383
1539560613,-1.2686293,-9.904882,9.5219
1539560613,1.0962871,3.039923,6.065484
1539560613,1.0484143,5.988888,6.544212
1539560613,-2.7048132,-6.984642,10.709146
1539560613,-3.8920588,-13.208106,10.441058
1539560613,-0.36862057,-6.515488,8.191036
1539560613,0.76117754,4.476107,6.8793216
1539560613,0.25372586,5.4431376,7.961247
1539560613,-2.168638,-3.5569491,9.7899885
1539560613,-4.1888704,-13.801729,11.005958
1539560613,0.3877697,-4.7058964,7.875076
1539560613,1.2973529,6.47719,6.304848
1539560613,-1.14416,0.110107444,8.5740185
1539560614,-4.456958,-11.695326,10.230418
1539560614,-1.7665064,-11.972988,9.138918
1539560614,0.11968201,-1.4888442,7.5974135
1539560614,1.0771381,6.2378263,6.7931504
1539560614,-0.8473486,1.0579889,8.9761505
1539560614,-3.758015,-10.307014,11.331492
1539560614,-1.3069274,-11.130426,9.263388
1539560614,0.9526688,2.015445,6.821874
1539560614,0.5505372,5.682502,6.7740016
1539560614,-2.360129,-3.9495063,9.445304
1539560614,-3.9399316,-12.490014,10.603826
1539560614,-0.9526688,-8.717637,9.0814705
1539560614,-0.5505372,0.71330476,7.7506065
1539560614,0.20585304,7.02294,7.6069884
1539560614,-1.0005416,0.13883112,8.909128
1539560615,-3.2409887,-10.900637,10.910212
1539560615,-1.6803354,-10.709146,9.665519
1539560615,0.39734426,0.8090504,7.0133657
1539560615,0.90479594,6.458041,6.8410234
1539560615,-1.4409714,0.28244954,9.138918
1539560615,-4.236743,-11.858093,10.038927
1539560615,-1.4505459,-10.852764,10.383611
1539560615,0.8090504,1.5941644,7.3771987
1539560615,0.5218136,6.668681,6.639958
1539560615,-2.034594,-1.8335283,9.091045
1539560615,-3.777164,-13.208106,10.460207
1539560615,-0.59841,-8.995299,9.636795
1539560615,0.49308985,3.2505634,6.678256
1539560615,0.062234644,5.634629,7.549541
1539560615,-2.015445,-3.451629,9.071896
1539560615,-4.0739756,-13.811303,10.814466
1539560616,-0.40691882,-7.137835,9.18679
1539560616,1.3452257,6.218677,6.0367603
1539560616,-0.8952214,3.8633351,9.014449
1539560616,-2.8101335,-7.7601814,8.526146
1539560616,-3.5760984,-13.744282,10.919786
1539560616,0.03351096,-4.016528,8.4686985
1539560616,0.93351966,7.5782647,6.304848
1539560616,-1.8143792,1.3548003,8.966576
1539560616,-3.5856729,-11.59958,9.474028
1539560616,-2.1303396,-12.643207,9.943181
1539560616,0.47394073,-1.0101161,6.6878304
1539560616,1.0005416,6.821874,6.6591067
1539560616,-1.929274,-1.3356512,10.249567
1539560616,-3.1643922,-11.915541,10.058076
1539560616,-0.50266445,-9.732541,9.454879
1539560616,0.71330476,1.3356512,6.5059137
1539560617,0.10053288,4.801642,7.176133
1539560617,-2.0058703,-3.604822,10.0868
1539560617,-2.867581,-11.580431,10.307014
1539560617,-0.30159867,-8.018694,8.889979
1539560617,0.8856468,3.059072,6.37187
1539560617,-0.062234644,3.9495063,7.808054
1539560617,-1.7569319,-3.4133308,9.8953085
1539560617,-3.3271596,-11.274045,10.852764
1539560617,-0.71330476,-7.9708214,9.550624
1539560617,0.56011176,2.2260852,6.975067
1539560617,0.18670394,4.96441,7.501668
1539560617,-1.5654407,-2.8580062,9.809137
1539560617,-2.7431116,-11.044255,10.307014
1539560617,-1.0771381,-8.133589,9.167642
1539560617,0.42606795,3.2888615,7.1091113
1539560617,0.05266008,4.5910015,8.133589
1539560618,-1.8526775,-4.504831,8.813383
1539560618,-3.4803526,-13.571939,11.408089
1539560618,-0.09095833,-7.846352,8.842107
1539560618,0.20585304,3.7197168,6.850598
1539560618,-0.10053288,5.328243,8.32508
1539560618,-1.1920328,-5.4718614,8.851681
1539560618,-3.3175852,-13.064487,10.900637
1539560618,0.5792609,-3.6814184,8.171887
1539560618,1.0196906,6.0559096,6.9942164
1539560618,-0.56011176,1.1058618,8.363379
1539560618,-2.8388572,-10.469782,10.680422
1539560618,-1.7665064,-11.532558,10.6134
1539560618,0.30159867,-0.0718092,6.6591067
1539560618,0.6079846,8.315506,6.8793216
1539560618,-1.0962871,-0.03351096,8.794233
1539560619,-3.2505634,-13.725132,10.852764
1539560619,-1.79523,-7.137835,11.254896
1539560619,0.751603,5.988888,6.8888965
1539560619,0.23457673,4.1792955,5.586756
1539560619,-2.5516202,-9.167642,11.15915
1539560619,-2.7814097,-10.421909,11.561282
1539560619,0.13883112,1.1728836,8.124015
1539560619,0.6271337,8.34423,5.988888
1539560619,-1.3739494,-0.081383765,8.937852
1539560619,-2.714388,-10.776168,11.4272375
1539560619,-1.3069274,-8.727212,10.316589
1539560619,-0.023936402,1.8526775,8.277207
1539560619,0.34947145,7.1857076,6.697405
1539560619,-1.1920328,-0.7228793,8.870831
1539560619,-2.714388,-11.771922,10.852764
1539560619,-0.99096704,-9.20594,9.8953085
1539560620,0.23457673,2.2356598,7.1857076
1539560620,0.30159867,7.156984,6.9080453
1539560620,-1.469695,-0.27287498,10.182545
1539560620,-2.0250196,-9.761265,11.618729
1539560620,-0.56011176,2.4654493,7.482519
1539560620,0.71330476,6.256975,5.644203
1539560620,-1.862252,-4.1122737,9.809137
1539560620,-2.3314054,-12.3463955,10.048501
1539560620,-0.5792609,-5.2707953,8.55487
1539560620,0.99096704,5.7495236,7.4920936
1539560620,-0.12925656,3.2888615,9.512326
1539560620,-2.8101335,-8.497422,10.498506
1539560620,-2.015445,-11.982562,7.999545
1539560620,0.12925656,-2.3984275,9.8953085
1539560620,0.9718179,3.930357,7.8176284
1539560621,0.014361841,-0.47394073,6.563361
1539560621,-2.867581,-11.101703,9.29211
1539560621,-1.8526775,-8.822957,8.813383
1539560621,0.6750065,1.3260766,8.5740185
1539560621,1.7473572,5.6250544,8.34423
1539560621,-1.0388398,-1.6420372,9.64637
1539560621,-3.3941817,-12.279374,8.880404
1539560621,-0.9622433,-7.243155,9.885734
1539560621,0.6750065,1.3356512,8.258059
1539560621,1.0962871,4.83994,7.0995364
1539560621,-1.4026731,-1.9962958,9.062322
1539560621,-3.5856729,-13.428321,11.618729
1539560621,-1.2973529,-8.535721,9.531475
1539560621,0.7228793,4.7537694,6.3622956
1539560621,1.1058618,7.5591154,7.5782647
1539560621,-1.776081,-3.6622694,7.9325233
1539560622,-4.5335546,-15.975154,12.221927
1539560622,-0.46436617,-6.697405,8.985725
1539560622,0.47394073,4.7920675,7.693159
1539560622,0.110107444,5.2899446,7.9803963
1539560622,-1.4601204,-4.0931244,7.6452866
1539560622,-3.7292912,-15.582597,11.254896
1539560622,-0.5792609,-5.797396,8.937852
1539560622,0.8281995,5.2037735,7.0612383
1539560622,0.13883112,3.8824842,7.1091113
1539560622,-2.408002,-7.35805,8.526146
1539560622,-4.2654667,-15.927281,11.867668
1539560622,-0.37819514,-4.351638,7.875076
1539560622,1.79523,8.210186,6.304848
1539560622,-1.0962871,0.23457673,8.487848
1539560622,-3.930357,-14.596417,10.125097
1539560623,-1.9196993,-11.379365,9.5889225
1539560623,0.50266445,1.709059,7.02294
1539560623,1.0292653,7.042089,6.8027253
1539560623,-2.7048132,-2.3505547,8.200611
1539560623,-0.50266445,-8.842107,8.880404
1539560623,1.0484143,5.347392,6.1899533
1539560623,-0.37819514,4.6771727,7.616563
1539560623,-3.6526947,-10.498506,9.339984
1539560623,-2.800559,-15.716641,10.651698
1539560623,0.8473486,-1.9771467,6.3622956
1539560623,1.2686293,7.4537954,7.0612383
1539560623,-1.8431029,-1.5558661,8.612317
1539560623,-4.236743,-13.964497,10.441058
1539560623,-1.1824582,-11.513409,9.244238
1539560623,0.13883112,-0.54096264,7.310177
1539560624,0.751603,7.5303917,6.6591067
1539560624,-1.8909757,-0.90479594,8.621892
1539560624,-3.9016335,-15.3049345,11.245321
1539560624,-0.7324539,-9.933606,9.675094
1539560624,0.27287498,3.5665238,7.0133657
1539560624,0.14840569,6.6016593,6.9176197
1539560624,-2.5228968,-3.758015,8.315506
1539560624,-3.777164,-16.30069,11.025106
1539560624,-0.19627848,-8.918703,9.196365
1539560624,-0.110107444,4.3612123,7.1186857
1539560624,-0.78032666,6.9463434,7.922949
1539560624,-2.360129,-3.7197168,8.171887
1539560624,-4.0356774,-15.3049345,12.3463955
1539560624,-0.3877697,-8.191036,9.138918
1539560624,-0.4164934,2.7048132,6.9176197
1539560624,0.023936402,5.9218655,7.6069884
1539560625,-2.3026817,-6.2378263,8.152739
1539560625,-3.384607,-16.185795,10.536804
1539560625,0.5218136,-5.912291,7.587839
1539560625,0.83777404,7.204857,7.243155
1539560625,-1.2111819,2.2835326,8.593168
1539560625,-3.193116,-11.590006,7.7506065
1539560625,-3.1643922,-15.343233,10.565528
1539560625,0.36862057,-4.6005764,6.5346375
1539560625,0.27287498,6.6208086,7.721883
1539560625,-1.6516117,2.4558747,9.110194
1539560625,-2.6856642,-9.799562,6.4963393
1539560625,-3.0303483,-14.921952,11.130426
1539560625,-0.6845811,-5.605905,8.5740185
1539560625,0.26330042,3.6335456,6.6878304
1539560625,0.3877697,2.4463003,7.5782647
1539560625,-2.4463003,-9.091045,9.119769
1539560626,-3.2409887,-14.0793915,9.062322
1539560626,0.3877697,-5.462287,7.089962
1539560626,1.2111819,5.806971,8.191036
1539560626,-0.8473486,0.40691882,8.593168
1539560626,-3.777164,-12.116607,9.253813
1539560626,-1.9005502,-11.455961,9.684668
1539560626,1.6133134,2.101616,6.898471
1539560626,0.63670826,3.9782298,7.6069884
1539560626,-2.513322,-6.6495323,8.095291
1539560626,-4.1409974,-15.381532,10.594251
1539560626,-0.09095833,-5.6250544,8.047418
1539560626,1.4409714,7.434646,6.9080453
1539560626,-1.0962871,0.92394507,8.631466
1539560626,-2.9824755,-10.891063,8.746361
1539560626,-2.714388,-12.997466,11.082554
1539560626,0.45479164,-3.0303483,7.1665583
1539560627,1.0292653,6.592085,7.0995364
1539560627,-0.85692316,0.7420284,8.861256
1539560627,-2.7622607,-9.742115,8.497422
1539560627,-2.6186423,-13.974071,11.72405
1539560627,0.6845811,-1.3165021,6.764427
1539560627,0.03351096,6.5059137,7.0133657
1539560627,-2.4558747,-3.3558834,7.7601814
1539560627,-3.4133308,-14.634716,10.938935
1539560627,0.3877697,-8.937852,8.822957
1539560627,0.39734426,1.4026731,7.2144313
1539560627,-0.56011176,5.261221,8.593168
1539560627,-1.7856555,-3.2218397,7.8846507
1539560627,-3.0303483,-14.730461,11.034681
1539560627,-0.00478728,-10.383611,8.957002
1539560627,0.16755481,3.1356685,6.410168
1539560628,-1.0867126,6.4963393,8.612317
1539560628,-2.1111906,-5.8835673,7.003791
1539560628,-3.4133308,-16.09005,12.107032
1539560628,0.15798025,-5.9218655,8.34423
1539560628,0.28244954,5.9027166,7.051664
1539560628,-1.1345854,2.88673,8.641041
1539560628,-2.2165108,-8.459125,7.2910275
1539560628,-2.6569405,-15.276211,11.26447
1539560628,0.37819514,-4.6005764,8.1623125
1539560628,0.42606795,5.759098,6.2474008
1539560628,-1.7856555,1.3548003,9.148493
1539560628,-2.7909844,-10.077225,8.420826
1539560628,-1.8431029,-13.0549135,10.06765
1539560628,0.45479164,-3.3367343,7.702734
1539560628,-0.09095833,5.605905,8.55487
1539560628,-1.79523,0.23457673,7.922949
1539560629,-3.4229054,-11.743198,8.708063
1539560629,-2.5707695,-11.628304,10.19212
1539560629,0.3398969,-1.0962871,6.9080453
1539560629,1.0292653,6.2474008,7.741032
1539560629,-1.3356512,-1.2973529,7.9899707
1539560629,-4.7537694,-14.424075,9.407005
1539560629,-2.580344,-10.737869,10.757019
1539560629,1.3356512,4.5144053,6.0750585
1539560629,0.47394073,5.146326,7.243155
1539560629,-3.4229054,-9.158067,8.00912
1539560629,-4.8590894,-15.678343,12.020861
1539560629,0.61755913,-2.733537,7.2527294
1539560629,1.3548003,8.353804,6.611234
1539560629,-1.709059,0.63670826,8.746361
1539560629,-3.518651,-11.235746,8.621892
1539560629,-2.8963046,-13.686834,10.996383
1539560630,0.85692316,-0.32074776,6.783576
1539560630,0.5218136,6.9654927,7.587839
1539560630,-2.819708,-4.3707867,7.348475
1539560630,-4.5622783,-16.664522,11.695326
1539560630,0.30159867,-7.2910275,8.545295
1539560630,0.00478728,3.078221,6.678256
1539560630,-0.47394073,5.7782474,8.545295
1539560630,-1.9388485,-4.150572,8.181462
1539560630,-3.604822,-15.458128,11.982562
1539560630,0.0,-5.9218655,8.6697645
1539560630,0.359046,5.7782474,6.7548523
1539560630,-0.6845811,2.254809,7.4250717
1539560630,-3.5569491,-11.551707,9.359133
1539560630,-1.622888,-12.56661,9.722966
1539560630,-0.0718092,-0.76117754,7.741032
1539560631,0.2441513,6.7740016,7.999545
1539560631,-1.3260766,-1.3548003,7.7984796
1539560631,-1.3165021,-10.517654,9.742115
1539560631,0.03351096,2.2356598,7.137835
1539560631,0.14840569,6.936769,8.277207
1539560631,-2.8963046,-7.5303917,8.746361
1539560631,-2.7431116,-14.223009,10.412334
1539560631,0.2441513,-3.5665238,7.8176284
1539560631,0.91437054,6.2952733,7.051664
1539560631,-0.78990126,1.1728836,8.315506
1539560631,-3.0111992,-10.900637,8.708063
1539560631,-2.6090677,-13.6676855,10.278291
1539560631,0.32074776,-2.7239625,7.654861
1539560631,0.71330476,6.8888965,7.0803876
1539560631,-1.948423,0.34947145,8.487848
1539560632,-4.0739756,-13.294277,9.110194
1539560632,-2.0920415,-13.02619,9.8953085
1539560632,-0.2441513,-1.7282082,7.176133
1539560632,0.7994758,6.7548523,6.831449
1539560632,-1.5941644,0.40691882,8.535721
1539560632,-4.1601467,-13.696408,9.454879
1539560632,-1.2111819,-12.269799,9.837861
1539560632,0.11968201,-0.8473486,6.544212
1539560632,0.42606795,6.256975,7.6069884
1539560632,-1.9867213,-2.1303396,7.8272033
1539560632,-4.0644007,-14.960251,10.153821
1539560632,-0.71330476,-9.866585,8.545295
1539560632,0.512239,4.389936,6.9080453
1539560632,-0.69415563,4.6388745,7.9516726
1539560632,-3.4133308,-7.2910275,7.4729443
1539560632,-4.0261025,-17.05708,11.714475
1539560633,-0.11968201,-5.529309,7.587839
1539560633,0.46436617,8.229335,6.170804
1539560633,-2.5899186,-0.00478728,7.999545
1539560633,-3.7963133,-14.261308,10.450633
1539560633,-0.54096264,-10.938935,9.31126
1539560633,0.2920241,1.9962958,6.7931504
1539560633,-0.30159867,6.094208,7.3867736
1539560633,-2.1111906,-2.8292825,8.439975
1539560633,-3.997379,-13.725132,11.522984
1539560633,-0.751603,-9.41658,8.966576
1539560633,0.50266445,2.427151,6.525063
1539560633,0.56968635,5.0314317,6.515488
1539560633,-3.039923,-6.5537868,9.330409
1539560633,-3.9686553,-14.43365,9.952756
1539560633,-0.09095833,-8.822957,8.018694
1539560633,-0.42606795,1.7186337,7.310177
1539560634,-0.043085523,6.1229315,8.1623125
1539560634,-1.6133134,-3.2409887,7.5591154
1539560634,-4.236743,-13.830453,10.871913
1539560634,-0.61755913,-9.885734,9.0814705
1539560634,0.2920241,0.9622433,6.6495323
1539560634,0.20585304,4.83994,6.9942164
1539560634,-2.494173,-4.73462,8.152739
1539560634,-3.346309,-13.552791,9.971905
1539560634,-0.46436617,-10.153821,8.5740185
1539560634,-0.3877697,-1.2016073,7.2527294
1539560634,-1.4122477,-1.6994845,8.066567
1539560634,-3.365458,-12.509163,9.818711
1539560634,-1.3260766,-12.892146,9.54105
1539560634,0.78032666,-1.9579976,6.2761245
1539560634,0.25372586,4.303765,7.0612383
1539560635,-0.83777404,0.26330042,8.11444
1539560635,-2.800559,-11.522984,11.417664
1539560635,-1.3356512,-10.996383,8.152739
1539560635,0.78990126,0.6845811,7.511243
1539560635,-0.09095833,4.4090853,7.2527294
1539560635,-2.5420458,-5.021857,7.9133744
1539560635,-4.2558923,-14.9985485,10.536804
1539560635,0.359046,-9.31126,8.047418
1539560635,0.28244954,1.7473572,6.1995277
1539560635,-1.0579889,4.275041,8.698488
1539560635,-2.666515,-5.9697385,7.616563
1539560635,-3.4707782,-14.175137,10.134672
1539560635,0.12925656,-8.526146,7.999545
1539560635,0.27287498,1.6707608,6.7357035
1539560635,-0.99096704,3.1835413,8.459125
1539560636,-2.2356598,-6.1995277,6.9559183
1539560636,-3.8824842,-15.381532,10.891063
1539560636,-0.11968201,-7.8176284,7.693159
1539560636,0.3877697,3.930357,6.4484663
1539560636,-0.6558574,3.0016246,8.047418
1539560636,-2.9920502,-8.210186,7.9420977
1539560636,-4.0739756,-15.726215,11.331492
1539560636,0.61755913,-5.5771813,7.482519
1539560636,1.1154363,6.438892,5.538883
1539560636,-2.254809,0.023936402,8.564445
1539560636,-3.997379,-12.882571,9.20594
1539560636,-1.3930986,-13.074062,9.5889225
1539560636,0.40691882,-0.90479594,6.1229315
1539560636,0.5313881,6.458041,6.8410234
1539560636,-3.0686467,-5.194199,8.755936
1539560636,-3.997379,-13.763431,10.163396
1539560637,-0.11968201,-9.033598,8.315506
1539560637,0.8186249,2.3697038,6.2761245
1539560637,-0.61755913,3.078221,7.1474094
1539560637,-3.9016335,-7.664436,9.608071
1539560637,-2.9441774,-15.553873,10.010203
1539560637,0.85692316,-5.309094,7.4442205
1539560637,0.56011176,4.236743,5.7208
1539560637,-1.6324625,0.5313881,8.334655
1539560637,-3.0303483,-9.31126,8.430401
1539560637,-2.8388572,-15.544299,9.904882
1539560637,0.39734426,-7.1665583,7.089962
1539560637,0.2441513,2.7622607,6.113357
1539560637,-1.0196906,3.4037561,8.191036
1539560637,-2.7048132,-7.2718787,7.961247
1539560637,-2.4558747,-16.003878,10.029352
1539560637,0.9430942,-8.133589,8.037844
1539560638,0.6079846,1.8143792,6.1420803
1539560638,-0.5313881,2.752686,7.587839
1539560638,-2.149489,-3.365458,8.152739
1539560638,-3.5090764,-15.544299,11.436812
1539560638,1.3452257,-7.35805,8.870831
1539560638,0.512239,3.7388659,6.3144226
1539560638,-0.9622433,3.5569491,8.23891
1539560638,-2.580344,-6.2091026,7.35805
1539560638,-3.2697124,-16.463457,11.130426
1539560638,1.3643749,-7.003791,8.602742
1539560638,0.3877697,3.4420545,5.7686725
1539560638,-0.9526688,3.365458,8.545295
1539560638,-2.4654493,-7.8655014,7.961247
1539560638,-2.2643836,-15.63047,9.847435
1539560638,0.7994758,-8.21976,8.487848
1539560639,0.47394073,3.0973704,5.653778
1539560639,-0.70373017,4.3612123,8.55487
1539560639,-1.9771467,-5.0122824,8.34423
1539560639,-3.3175852,-16.377285,10.488931
1539560639,0.7420284,-7.741032,8.7750845
1539560639,0.2920241,1.9962958,6.218677
1539560639,0.09095833,3.7005677,6.9080453
1539560639,-2.3026817,-4.619725,8.526146
1539560639,-4.045252,-16.38686,10.546378
1539560639,-0.03351096,-7.7123084,8.803808
1539560639,1.2016073,3.5090764,5.873993
1539560639,0.13883112,3.173967,7.348475
1539560639,-3.518651,-8.631466,9.665519
1539560639,-2.6090677,-15.96558,9.014449
1539560639,0.6750065,-6.2665496,7.6740103
1539560639,1.0388398,3.5282254,5.6250544
1539560640,-0.39734426,2.9154537,8.593168
1539560640,-2.5324712,-8.870831,9.7899885
1539560640,-2.4367256,-14.941102,9.407005
1539560640,1.0292653,-4.121848,7.35805
1539560640,1.0962871,5.845269,5.806971
1539560640,-1.7569319,-1.14416,8.439975
1539560640,-4.0261025,-13.763431,8.66019
1539560640,-0.8952214,-12.212352,10.115523
