1539559891,-2.0058703,-3.9207826,12.604909
1539559891,-1.4313968,-2.3792782,7.4920936
1539559891,-2.427151,-0.93351966,6.697405
1539559891,-1.7569319,-0.6845811,6.7931504
1539559891,-0.6271337,-3.518651,8.985725
1539559891,-0.7324539,-3.346309,8.679339
1539559891,-0.71330476,-3.5473747,8.755936
1539559891,-0.69415563,-3.5282254,8.813383
1539559891,-0.59841,-3.3558834,8.880404
1539559891,-0.56011176,-3.0877957,8.957002
1539559891,-0.47394073,-2.9633265,9.091045
1539559891,-0.4835153,-3.0973704,9.148493
1539559891,-0.5313881,-3.2984362,9.129343
1539559891,-0.6271337,-3.5090764,9.119769
1539559891,-0.71330476,-3.5665238,9.167642
1539559891,-0.69415563,-3.518651,9.244238
1539559891,-0.59841,-3.4420545,9.244238
1539559891,-0.56011176,-3.4420545,9.158067
1539559891,-0.61755913,-3.4037561,9.138918
1539559891,-0.6271337,-3.4324799,9.138918
1539559891,-0.59841,-3.3175852,9.0814705
1539559891,-0.5505372,-3.2218397,9.071896
1539559891,-0.56011176,-3.231414,9.167642
1539559891,-0.61755913,-3.3558834,9.167642
1539559891,-0.61755913,-3.4612036,9.004874
1539559891,-0.5218136,-3.499502,8.966576
1539559891,-0.39734426,-3.4420545,9.0814705
1539559891,-0.3398969,-3.3941817,9.0814705
1539559891,-0.39734426,-3.365458,8.947427
1539559891,-0.359046,-3.365458,8.832532
1539559891,-0.2920241,-3.3367343,8.832532
1539559891,-0.27287498,-3.2218397,8.7750845
1539559891,-0.20585304,-3.1452432,8.6697645
1539559891,-0.2920241,-3.193116,8.698488
1539559892,-0.37819514,-3.384607,8.736787
1539559892,-0.36862057,-3.4899273,8.803808
1539559892,-0.2920241,-3.4612036,8.861256
1539559892,-0.25372586,-3.4324799,8.870831
1539559892,-0.2441513,-3.384607,8.870831
1539559892,-0.33032233,-3.2601378,8.765511
1539559892,-0.3398969,-3.0686467,8.66019
1539559892,-0.23457673,-3.0111992,8.631466
1539559892,-0.2154276,-3.1165195,8.736787
1539559892,-0.3111732,-3.2792869,8.880404
1539559892,-0.3877697,-3.4420545,8.995299
1539559892,-0.45479164,-3.4803526,9.052747
1539559892,-0.4835153,-3.3750327,9.004874
1539559892,-0.46436617,-3.2697124,8.995299
1539559892,-0.37819514,-3.3558834,9.119769
1539559892,-0.32074776,-3.4899273,9.253813
1539559892,-0.30159867,-3.499502,9.29211
1539559892,-0.2154276,-3.4229054,9.320834
1539559892,-0.22500217,-3.3175852,9.29211
1539559892,-0.3111732,-3.2697124,9.368708
1539559892,-0.45479164,-3.212265,9.263388
1539559892,-0.44521707,-3.1165195,9.148493
1539559892,-0.3398969,-3.1069448,9.0814705
1539559892,-0.19627848,-3.193116,9.052747
1539559892,-0.10053288,-3.2601378,9.071896
1539559892,-0.10053288,-3.3175852,9.091045
1539559892,-0.110107444,-3.3271596,9.0814705
1539559892,-0.081383765,-3.3080106,9.024023
1539559892,-0.00478728,-3.2218397,9.004874
1539559892,0.03351096,-3.0973704,8.995299
1539559892,0.05266008,-2.9441774,9.014449
1539559892,0.0718092,-2.8101335,8.918703
1539559892,0.09095833,-2.7909844,8.822957
1539559892,0.10053288,-2.7909844,8.842107
1539559892,0.110107444,-2.8292825,8.918703
1539559892,0.14840569,-2.8484318,8.947427
1539559892,0.09095833,-2.8388572,8.909128
1539559892,0.110107444,-2.9154537,8.957002
1539559892,0.15798025,-3.0111992,8.9761505
1539559892,0.17712937,-2.9920502,9.158067
1539559892,0.14840569,-2.905879,9.253813
1539559892,0.00478728,-2.714388,9.263388
1539559892,-0.05266008,-2.513322,9.244238
1539559892,-0.110107444,-2.4558747,9.253813
1539559892,-0.22500217,-2.5037475,9.263388
1539559892,-0.27287498,-2.647366,9.2825365
1539559892,-0.3398969,-2.8771553,9.359133
1539559892,-0.44521707,-2.9346027,9.435729
1539559892,-0.512239,-2.8388572,9.502751
1539559892,-0.5313881,-2.6856642,9.5219
1539559892,-0.4356425,-2.5228968,9.407005
1539559892,-0.359046,-2.3984275,9.301685
1539559892,-0.2154276,-2.3888528,9.20594
1539559892,-0.11968201,-2.427151,9.18679
1539559892,-0.081383765,-2.4654493,9.177217
1539559892,-0.10053288,-2.513322,9.138918
1539559892,-0.10053288,-2.5707695,9.20594
1539559892,-0.10053288,-2.5420458,9.301685
1539559892,-0.081383765,-2.427151,9.339984
1539559892,-0.023936402,-2.3792782,9.349558
1539559892,-0.043085523,-2.360129,9.225089
1539559892,-0.18670394,-2.3026817,8.918703
1539559892,0.19627848,-2.5899186,9.196365
1539559892,0.30159867,-2.7909844,9.253813
1539559892,0.0,-2.4367256,8.870831
1539559892,-0.062234644,-1.6803354,9.129343
1539559892,0.12925656,-1.8143792,9.18679
1539559892,0.00478728,-2.2835326,8.870831
1539559892,0.00478728,-2.6760898,8.755936
1539559892,0.00478728,-2.8771553,8.842107
1539559892,-0.00478728,-2.6282167,9.071896
1539559892,-0.00478728,-2.2931073,9.20594
1539559892,0.15798025,-2.2260852,9.272962
1539559892,-0.014361841,-2.475024,9.18679
1539559892,-0.25372586,-2.819708,9.339984
1539559892,-0.5313881,-3.0686467,9.2825365
1539559892,-0.4356425,-3.2505634,9.31126
1539559892,-0.110107444,-3.518651,9.368708
1539559892,-0.09095833,-3.4229054,9.320834
1539559892,-0.49308985,-2.8292825,9.119769
1539559892,-1.6516117,-2.0058703,9.033598
1539559892,-0.2154276,-2.0728924,9.043172
1539559892,0.6750065,-2.8388572,9.454879
1539559892,0.49308985,-3.2409887,9.110194
1539559892,-0.39734426,-3.3750327,9.138918
1539559892,-0.90479594,-3.3271596,9.014449
1539559892,-0.2920241,-3.1356685,9.091045
1539559892,0.8473486,-3.173967,9.368708
1539559892,1.2686293,-3.3175852,9.493176
1539559892,0.6271337,-2.6760898,9.598496
1539559892,0.03351096,-2.149489,9.722966
1539559892,-0.3877697,-2.5707695,9.167642
1539559892,-0.3877697,-3.0686467,8.497422
1539559892,-1.0579889,-2.2835326,8.372953
1539559892,-0.49308985,-1.9579976,8.717637
1539559892,0.043085523,-1.8814012,9.177217
1539559892,0.5505372,-1.7282082,9.493176
1539559892,0.50266445,-1.9771467,9.359133
1539559892,0.64628285,-2.149489,8.899554
1539559892,0.34947145,-2.3984275,8.593168
1539559892,0.36862057,-2.1590633,8.765511
1539559892,0.5888355,-1.6707608,9.052747
1539559892,1.3165021,-1.7377827,9.244238
1539559892,0.99096704,-1.8814012,9.177217
1539559892,0.42606795,-1.929274,9.100619
1539559892,-1.3069274,-2.2452345,8.631466
1539559892,-1.4026731,-1.5462915,8.698488
1539559892,-0.46436617,-1.7665064,9.119769
1539559892,0.00478728,-2.2739582,9.454879
1539559892,0.2920241,-2.3697038,9.684668
1539559892,0.2154276,-2.5516202,9.7899885
1539559892,0.09095833,-2.4654493,9.847435
1539559892,-0.05266008,-2.321831,9.847435
1539559892,-0.043085523,-1.9675722,10.010203
1539559892,0.2920241,-1.5941644,10.172971
1539559892,0.25372586,-1.4601204,10.134672
1539559892,0.36862057,-1.6803354,10.172971
1539559892,0.17712937,-2.2835326,10.077225
1539559892,-0.05266008,-2.7048132,9.809137
1539559892,-0.3877697,-2.972901,9.493176
1539559892,-0.6079846,-3.039923,9.167642
1539559892,-0.49308985,-3.0494976,9.225089
1539559892,-0.18670394,-2.8101335,9.5889225
1539559892,-0.22500217,-2.149489,9.62722
1539559892,-0.78032666,-2.972901,8.957002
1539559892,1.948423,-4.121848,10.230418
1539559893,1.9675722,-2.6952388,9.780414
1539559893,2.187787,-1.6037389,9.904882
1539559893,1.5558661,-1.2016073,9.780414
1539559893,0.05266008,-1.5462915,9.2825365
1539559893,-1.2303311,-2.2452345,8.641041
1539559893,-1.2782038,-2.8580062,8.459125
1539559893,-0.40691882,-3.039923,8.755936
1539559893,0.42606795,-2.819708,9.138918
1539559893,0.8664977,-2.5707695,9.368708
1539559893,0.6079846,-2.4367256,9.368708
1539559893,0.0,-2.408002,9.29211
1539559893,-0.45479164,-2.4175766,9.129343
1539559893,-0.512239,-2.4463003,9.052747
1539559893,-0.19627848,-2.5228968,9.043172
1539559893,0.13883112,-2.5994933,9.091045
1539559893,0.33032233,-2.6856642,9.052747
1539559893,0.25372586,-2.7431116,8.985725
1539559893,0.014361841,-2.6090677,8.937852
1539559893,0.05266008,-2.4558747,9.110194
1539559893,0.0,-2.1782124,9.091045
1539559893,0.0718092,-2.0920415,9.052747
1539559893,0.023936402,-2.149489,9.119769
1539559893,0.081383765,-2.408002,9.349558
1539559893,0.014361841,-2.6952388,9.445304
1539559893,-0.023936402,-2.7909844,9.320834
1539559893,0.062234644,-2.6952388,9.253813
1539559893,0.15798025,-2.494173,9.2825365
1539559893,0.23457673,-2.4367256,9.272962
1539559893,0.34947145,-2.408002,9.29211
1539559893,0.3877697,-2.4654493,9.234664
1539559893,0.36862057,-2.4367256,9.167642
1539559893,0.3877697,-2.3792782,9.100619
1539559893,0.40691882,-2.34098,9.071896
1539559893,0.3877697,-2.3505547,9.100619
1539559893,0.359046,-2.4367256,9.110194
1539559893,0.359046,-2.5228968,9.119769
1539559893,0.359046,-2.6186423,9.253813
1539559893,0.37819514,-2.6377914,9.320834
1539559893,0.3877697,-2.5899186,9.397431
1539559893,0.4164934,-2.5899186,9.435729
1539559893,0.36862057,-2.6090677,9.41658
1539559893,0.3111732,-2.5707695,9.330409
1539559893,0.33032233,-2.5420458,9.339984
1539559893,0.26330042,-2.5324712,9.368708
1539559893,0.2154276,-2.513322,9.244238
1539559893,0.27287498,-2.5037475,9.158067
1539559893,0.34947145,-2.494173,9.215514
1539559893,0.36862057,-2.494173,9.2825365
1539559893,0.39734426,-2.4558747,9.263388
1539559893,0.36862057,-2.4175766,9.2825365
1539559893,0.39734426,-2.360129,9.2825365
1539559893,0.4164934,-2.3984275,9.320834
1539559893,0.45479164,-2.427151,9.244238
1539559893,0.47394073,-2.4463003,9.177217
1539559893,0.5505372,-2.5228968,9.225089
1539559893,0.5505372,-2.561195,9.215514
1539559893,0.512239,-2.4845984,9.091045
1539559893,0.49308985,-2.4463003,9.062322
1539559893,0.5313881,-2.475024,9.110194
1539559893,0.512239,-2.5228968,9.225089
1539559893,0.512239,-2.5899186,9.330409
1539559893,0.4164934,-2.6186423,9.31126
1539559893,0.2920241,-2.6090677,9.234664
1539559893,0.2441513,-2.5899186,9.167642
1539559893,0.2920241,-2.580344,9.167642
1539559893,0.36862057,-2.6186423,9.215514
1539559893,0.4356425,-2.5899186,9.29211
1539559893,0.4835153,-2.733537,9.349558
1539559893,0.34947145,-2.7718353,9.368708
1539559893,0.2154276,-2.647366,9.253813
1539559893,0.18670394,-2.4845984,9.129343
1539559893,0.22500217,-2.360129,9.100619
1539559893,0.3111732,-2.34098,9.129343
1539559893,0.359046,-2.3984275,9.20594
1539559893,0.34947145,-2.513322,9.29211
1539559893,0.2154276,-2.5324712,9.196365
1539559893,0.11968201,-2.4654493,9.033598
1539559893,0.15798025,-2.4558747,9.062322
1539559893,0.28244954,-2.5037475,9.158067
1539559893,0.3877697,-2.4845984,9.320834
1539559893,0.45479164,-2.4367256,9.368708
1539559893,0.45479164,-2.3792782,9.244238
1539559893,0.50266445,-2.408002,9.129343
1539559893,0.5313881,-2.3984275,9.062322
1539559893,0.50266445,-2.2931073,9.167642
1539559893,0.44521707,-2.2835326,9.339984
1539559893,0.37819514,-2.3697038,9.407005
1539559893,0.30159867,-2.4845984,9.320834
1539559893,0.3398969,-2.5228968,9.215514
1539559893,0.44521707,-2.5037475,9.18679
1539559893,0.47394073,-2.4463003,9.20594
1539559893,0.4356425,-2.360129,9.339984
1539559893,0.42606795,-2.360129,9.493176
1539559893,0.39734426,-2.4654493,9.454879
1539559893,0.37819514,-2.513322,9.2825365
1539559893,0.37819514,-2.5324712,9.225089
1539559893,0.32074776,-2.5420458,9.263388
1539559893,0.3398969,-2.513322,9.378282
1539559893,0.42606795,-2.4367256,9.41658
1539559893,0.46436617,-2.408002,9.474028
1539559893,0.46436617,-2.427151,9.41658
1539559893,0.4356425,-2.4558747,9.2825365
1539559893,0.39734426,-2.5420458,9.253813
1539559893,0.359046,-2.5516202,9.253813
1539559893,0.3398969,-2.4558747,9.301685
1539559893,0.4164934,-2.360129,9.378282
1539559893,0.4164934,-2.34098,9.3878565
1539559893,0.37819514,-2.3792782,9.244238
1539559893,0.26330042,-2.360129,9.024023
1539559893,0.26330042,-2.3888528,8.928278
1539559893,0.36862057,-2.4463003,9.043172
1539559893,0.45479164,-2.494173,9.301685
1539559893,0.4835153,-2.427151,9.483603
1539559893,0.4164934,-2.3697038,9.407005
1539559893,0.3398969,-2.4175766,9.272962
1539559893,0.359046,-2.5228968,9.177217
1539559893,0.4356425,-2.580344,9.167642
1539559893,0.46436617,-2.5994933,9.272962
1539559893,0.45479164,-2.5324712,9.359133
1539559893,0.4164934,-2.475024,9.2825365
1539559893,0.36862057,-2.4654493,9.167642
1539559893,0.42606795,-2.5420458,9.18679
1539559893,0.44521707,-2.6186423,9.263388
1539559893,0.4356425,-2.5994933,9.301685
1539559893,0.37819514,-2.5228968,9.301685
1539559893,0.3398969,-2.5324712,9.320834
1539559894,0.32074776,-2.5420458,9.320834
1539559894,0.34947145,-2.561195,9.2825365
1539559894,0.44521707,-2.5899186,9.31126
1539559894,0.46436617,-2.5324712,9.320834
1539559894,0.3877697,-2.5228968,9.339984
1539559894,0.32074776,-2.513322,9.330409
1539559894,0.32074776,-2.5228968,9.253813
1539559894,0.359046,-2.5420458,9.29211
1539559894,0.34947145,-2.5324712,9.31126
1539559894,0.2920241,-2.513322,9.244238
1539559894,0.28244954,-2.5324712,9.244238
1539559894,0.30159867,-2.5324712,9.253813
1539559894,0.359046,-2.513322,9.301685
1539559894,0.4356425,-2.5324712,9.378282
1539559894,0.44521707,-2.5228968,9.339984
1539559894,0.4164934,-2.4463003,9.234664
1539559894,0.40691882,-2.4558747,9.18679
1539559894,0.39734426,-2.5228968,9.244238
1539559894,0.359046,-2.5420458,9.263388
1539559894,0.3398969,-2.4558747,9.234664
1539559894,0.28244954,-2.4175766,9.244238
1539559894,0.30159867,-2.4558747,9.225089
1539559894,0.26330042,-2.494173,9.20594
1539559894,0.33032233,-2.5228968,9.20594
1539559894,0.33032233,-2.4845984,9.196365
1539559894,0.2920241,-2.427151,9.20594
1539559894,0.3111732,-2.4558747,9.225089
1539559894,0.3111732,-2.494173,9.2825365
1539559894,0.32074776,-2.494173,9.3878565
1539559894,0.25372586,-2.4558747,9.339984
1539559894,0.23457673,-2.4367256,9.263388
1539559894,0.26330042,-2.494173,9.20594
1539559894,0.3111732,-2.6090677,9.244238
1539559894,0.32074776,-2.5707695,9.2825365
1539559894,0.32074776,-2.494173,9.244238
1539559894,0.37819514,-2.4175766,9.253813
1539559894,0.42606795,-2.4463003,9.263388
1539559894,0.45479164,-2.475024,9.244238
1539559894,0.4164934,-2.5037475,9.225089
1539559894,0.37819514,-2.5899186,9.253813
1539559894,0.32074776,-2.6186423,9.253813
1539559894,0.3398969,-2.6186423,9.29211
1539559894,0.36862057,-2.5516202,9.330409
1539559894,0.37819514,-2.5037475,9.349558
1539559894,0.33032233,-2.4845984,9.330409
1539559894,0.28244954,-2.513322,9.29211
1539559894,0.25372586,-2.5228968,9.263388
1539559894,0.33032233,-2.580344,9.244238
1539559894,0.4164934,-2.6282167,9.29211
1539559894,0.46436617,-2.6090677,9.349558
1539559894,0.47394073,-2.5420458,9.330409
1539559894,0.4835153,-2.5516202,9.31126
1539559894,0.4835153,-2.5899186,9.320834
1539559894,0.42606795,-2.6282167,9.29211
1539559894,0.359046,-2.5994933,9.320834
1539559894,0.2920241,-2.475024,9.29211
1539559894,0.27287498,-2.3792782,9.225089
1539559894,0.33032233,-2.4367256,9.18679
1539559894,0.34947145,-2.5228968,9.196365
1539559894,0.37819514,-2.5324712,9.234664
1539559894,0.37819514,-2.561195,9.330409
1539559894,0.3111732,-2.561195,9.378282
1539559894,0.25372586,-2.561195,9.397431
1539559894,0.27287498,-2.5707695,9.5219
1539559894,0.28244954,-2.513322,9.493176
1539559894,0.27287498,-2.4845984,9.253813
1539559894,0.27287498,-2.408002,8.937852
1539559894,0.359046,-2.4367256,8.803808
1539559894,0.44521707,-2.5516202,8.899554
1539559894,0.47394073,-2.6282167,9.138918
1539559894,0.4835153,-2.7814097,9.29211
1539559894,0.44521707,-2.88673,9.397431
1539559894,0.39734426,-2.8101335,9.330409
1539559894,0.40691882,-2.7622607,9.349558
1539559894,0.39734426,-2.7239625,9.454879
1539559894,0.3877697,-2.6952388,9.474028
1539559894,0.3877697,-2.733537,9.483603
1539559894,0.37819514,-2.8292825,9.502751
1539559894,0.33032233,-2.8388572,9.445304
1539559894,0.23457673,-2.8580062,9.41658
1539559894,0.17712937,-2.905879,9.493176
1539559894,0.19627848,-2.9346027,9.54105
1539559894,0.23457673,-3.0111992,9.579348
1539559894,0.3111732,-3.0111992,9.5889225
1539559894,0.39734426,-2.9441774,9.502751
1539559894,0.56968635,-2.88673,9.349558
1539559894,0.7420284,-2.8771553,9.234664
1539559894,0.90479594,-2.905879,9.110194
1539559894,1.0101161,-2.8963046,9.100619
1539559894,1.0675635,-2.8388572,9.0814705
1539559894,1.0675635,-2.8771553,9.158067
1539559894,1.0101161,-2.9537518,9.272962
1539559894,0.90479594,-3.0016246,9.368708
1539559894,0.8090504,-3.0686467,9.445304
1539559894,0.76117754,-3.1069448,9.569773
1539559894,0.665432,-3.1165195,9.579348
1539559894,0.56968635,-3.039923,9.5219
1539559894,0.5218136,-3.039923,9.368708
1539559894,0.50266445,-3.059072,9.2825365
1539559894,0.56011176,-3.193116,9.234664
1539559894,0.63670826,-3.2026904,9.272962
1539559894,0.6271337,-3.1165195,9.330409
1539559894,0.56011176,-3.020774,9.435729
1539559894,0.40691882,-3.0016246,9.560199
1539559894,0.2920241,-3.0686467,9.675094
1539559894,0.20585304,-3.1165195,9.722966
1539559894,0.22500217,-3.020774,9.713391
1539559894,0.25372586,-2.9346027,9.636795
1539559894,0.30159867,-2.8484318,9.474028
1539559894,0.3398969,-2.733537,9.234664
1539559894,0.47394073,-2.8771553,9.100619
1539559894,0.49308985,-3.020774,8.985725
1539559894,0.47394073,-2.972901,8.842107
1539559894,0.54096264,-2.8963046,8.870831
1539559894,0.63670826,-2.9346027,8.995299
1539559894,0.7228793,-3.0303483,9.119769
1539559894,0.8186249,-3.0494976,9.244238
1539559894,0.8952214,-2.9824755,9.301685
1539559894,0.93351966,-2.8771553,9.225089
1539559894,0.98139244,-2.867581,9.177217
1539559894,1.0484143,-3.0016246,9.091045
1539559894,1.0579889,-3.078221,8.928278
1539559894,1.1537346,-3.173967,8.813383
1539559894,1.1728836,-3.4707782,8.727212
1539559894,0.9430942,-3.5569491,8.593168
1539559894,0.7994758,-3.5378,8.535721
1539559895,0.78990126,-3.671844,8.641041
1539559895,0.8281995,-3.9207826,8.822957
1539559895,0.8760723,-4.131423,8.861256
1539559895,1.0196906,-4.3324885,8.851681
1539559895,0.9622433,-4.504831,8.957002
1539559895,0.751603,-4.5335546,8.995299
1539559895,0.61755913,-4.437809,8.985725
1539559895,0.6271337,-4.5144053,9.052747
1539559895,0.64628285,-4.8207912,9.18679
1539559895,0.54096264,-5.17505,9.177217
1539559895,0.40691882,-5.3569665,9.004874
1539559895,0.34947145,-5.567607,8.889979
1539559895,0.081383765,-5.835695,8.832532
1539559895,-0.2441513,-6.132506,8.966576
1539559895,-0.5313881,-6.5346375,9.215514
1539559895,-0.8473486,-6.984642,9.378282
1539559895,-1.1728836,-7.3006024,9.339984
1539559895,-1.4792696,-7.6069884,9.368708
1539559895,-1.9675722,-7.961247,9.6942425
1539559895,-2.427151,-8.018694,9.5889225
1539559895,-2.8292825,-7.8367777,9.445304
1539559895,-3.2888615,-7.56869,9.3878565
1539559895,-3.9782298,-7.1091113,9.320834
1539559895,-4.610151,-6.113357,8.880404
1539559895,-5.1176023,-4.8590894,8.363379
1539559895,-5.7303743,-3.4133308,8.23891
1539559895,-6.0846334,-1.4601204,8.411251
1539559895,-6.218677,1.2303311,8.506997
1539559895,-6.410168,4.619725,8.487848
1539559895,-7.089962,9.024023,8.698488
1539559895,-7.616563,15.936856,8.305931
1539559895,-7.4059224,19.603912,6.9176197
1539559895,-6.458041,19.594337,6.975067
1539559895,-4.275041,19.603912,4.08355
1539559895,0.0718092,19.603912,-0.5792609
1539559895,2.3888528,19.603912,-3.0303483
1539559895,3.3941817,19.603912,-1.4122477
1539559895,6.515488,19.603912,3.8537605
1539559895,5.376116,19.603912,9.703817
1539559895,-1.4026731,19.603912,15.908133
1539559895,-8.34423,19.603912,19.594337
1539559895,-14.242159,18.79965,19.594337
1539559895,-15.831535,1.3548003,4.3995104
1539559895,-15.697492,-19.421995,-9.493176
1539559895,6.151655,8.133589,11.36979
1539559895,-1.9675722,5.6154795,9.837861
1539559895,-3.4420545,-2.0824668,10.421909
1539559895,-0.10053288,-2.254809,10.374036
1539559895,-1.0867126,-4.303765,9.301685
1539559895,-1.929274,-5.309094,8.2676325
1539559895,-1.7665064,-4.198445,8.487848
1539559895,-0.92394507,-3.1452432,9.359133
1539559895,-1.0579889,-3.2697124,9.7899885
1539559895,-1.7282082,-4.9069624,8.478273
1539559895,-1.862252,-5.653778,7.2144313
1539559895,-1.2686293,-5.299519,7.310177
1539559895,-0.2920241,-6.132506,7.051664
1539559895,0.14840569,-7.9325233,5.979313
1539559895,-0.8760723,-7.137835,6.256975
1539559895,-1.3930986,-5.376116,8.229335
1539559895,-0.85692316,-5.586756,8.056993
1539559895,0.16755481,-6.5059137,7.7123084
1539559895,0.6079846,-6.764427,7.042089
1539559895,0.32074776,-6.6016593,6.2282515
1539559896,0.33032233,-6.697405,5.146326
1539559896,0.61755913,-7.2527294,3.9686553
1539559896,1.14416,-8.028269,3.365458
1539559896,1.3260766,-9.215514,2.5324712
1539559896,1.4218222,-9.531475,1.6133134
1539559896,1.4601204,-8.315506,1.0962871
1539559896,1.4218222,-8.124015,0.71330476
1539559896,0.751603,-9.0814705,-0.18670394
1539559896,0.7994758,-10.239992,-1.7856555
1539559896,0.71330476,-10.699572,-2.8580062
1539559896,0.6558574,-9.914457,-3.5952475
1539559896,0.2154276,-9.608071,-4.131423
1539559896,-0.3398969,-10.077225,-3.4133308
1539559896,-0.9526688,-10.316589,-3.365458
1539559896,-1.0484143,-10.814466,-3.9016335
1539559896,-0.6558574,-10.575102,-4.428234
1539559896,-0.7228793,-10.06765,-4.6388745
1539559896,-0.9430942,-9.904882,-4.4856815
1539559896,-0.6558574,-9.54105,-4.08355
1539559896,-0.46436617,-9.579348,-3.6143966
1539559896,-0.47394073,-9.177217,-2.8484318
1539559896,0.8473486,-9.655944,-3.8633351
1539559896,0.90479594,-9.033598,-3.8346114
1539559896,0.2154276,-9.502751,-5.538883
1539559896,0.2154276,-8.861256,-3.3175852
1539559896,1.6516117,-9.407005,0.46436617
1539559896,2.408002,-8.229335,2.9824755
1539559896,-1.9101248,-10.938935,-7.1857076
1539559896,-1.2686293,-10.019777,-10.71872
1539559896,1.2494801,-7.3389006,-4.504831
1539559897,2.5324712,-7.482519,4.9069624
1539559897,0.4835153,-9.378282,-1.948423
1539559897,-4.1792955,-11.858093,-9.330409
1539559897,0.00478728,-8.794233,-7.9133744
1539559897,1.5175679,-8.210186,-0.4164934
1539559897,1.9101248,-8.143164,3.6335456
1539559897,-0.0718092,-10.555953,-3.6814184
1539559897,-3.4229054,-10.335738,-8.66019
1539559897,-0.32074776,-8.535721,-7.02294
1539559897,1.7186337,-8.124015,-0.3877697
1539559897,2.0728924,-8.420826,4.0739756
1539559897,-0.9622433,-10.689997,-4.5718527
1539559897,-3.6814184,-10.546378,-9.684668
1539559897,-0.36862057,-8.688913,-7.501668
1539559897,1.6611862,-7.808054,-0.32074776
1539559897,1.8143792,-7.7984796,4.1122737
1539559898,0.00478728,-10.115523,-3.346309
1539559898,-5.0122824,-11.59958,-10.2016945
1539559898,-0.5313881,-8.200611,-8.095291
1539559898,1.1920328,-7.482519,-1.3260766
1539559898,1.2877784,-9.052747,4.7920675
1539559898,0.5505372,-9.684668,-3.9878044
1539559898,-3.5473747,-10.575102,-9.866585
1539559898,-1.0196906,-8.851681,-10.019777
1539559898,0.69415563,-7.587839,-1.9101248
1539559898,2.7718353,-7.434646,5.682502
1539559898,1.0484143,-8.861256,-1.2973529
1539559898,-5.519734,-11.475111,-9.732541
1539559898,-1.6707608,-8.832532,-9.98148
1539559898,1.1824582,-7.5974135,-1.2782038
1539559898,2.0728924,-8.880404,5.0984535
1539559898,-0.50266445,-8.717637,-3.1452432
1539559899,-6.764427,-10.479357,-10.910212
1539559899,-2.1973617,-7.8176284,-10.94851
1539559899,0.359046,-7.2623043,-0.09095833
1539559899,1.0579889,-8.765511,5.49101
1539559899,-1.2590547,-9.924032,-5.2420716
1539559899,-7.9899707,-8.5740185,-10.441058
1539559899,-3.5569491,-7.6835847,-9.110194
1539559899,0.6271337,-7.5974135,0.3877697
1539559899,0.7420284,-8.191036,3.8729098
1539559899,-3.2026904,-10.010203,-5.845269
1539559899,-8.028269,-8.23891,-10.862339
1539559899,-3.0686467,-7.0803876,-9.722966
1539559899,-0.76117754,-7.56869,-1.3069274
1539559899,0.2154276,-8.229335,4.495256
1539559899,-2.733537,-9.148493,-2.3984275
1539559900,-8.564445,-9.349558,-9.675094
1539559900,-4.4856815,-7.5974135,-11.025106
1539559900,-1.6420372,-6.9559183,-3.1548176
1539559900,0.7994758,-7.1474094,7.089962
1539559900,-2.1590633,-9.75169,-4.2941904
1539559900,-10.077225,-10.038927,-10.172971
1539559900,-3.3558834,-7.0803876,-10.555953
1539559900,-0.7228793,-5.481436,-2.0250196
1539559900,0.2154276,-8.104865,6.7931504
1539559900,-2.168638,-9.024023,-5.194199
1539559900,-9.339984,-8.832532,-13.179382
1539559900,-2.9824755,-6.486765,-10.795317
1539559900,-0.18670394,-7.042089,2.034594
1539559900,-0.19627848,-8.133589,3.3558834
1539559900,-3.8346114,-8.1623125,-5.519734
1539559900,-8.803808,-8.880404,-11.570856
1539559901,-3.3558834,-6.8793216,-9.96233
1539559901,-1.2111819,-7.2718787,2.1973617
1539559901,-0.19627848,-8.487848,2.9633265
1539559901,-2.9633265,-9.368708,-5.3378177
1539559901,-7.2527294,-8.708063,-12.116607
1539559901,-3.1165195,-7.0708127,-10.163396
1539559901,0.023936402,-7.176133,3.9495063
1539559901,-0.5313881,-6.8888965,3.6335456
1539559901,-5.586756,-8.727212,-5.9697385
1539559901,-7.051664,-9.339984,-12.557036
1539559901,-2.0920415,-6.8601727,-7.6452866
1539559901,-1.8048047,-7.56869,0.76117754
1539559901,-8.152739,-10.326163,-8.870831
1539559901,-5.500585,-7.788905,-12.126181
1539559901,-2.187787,-6.4005938,-4.2271686
1539559902,0.014361841,-7.855927,6.7740016
1539559902,-2.1303396,-7.9899707,-3.690993
1539559902,-9.062322,-9.359133,-11.791071
1539559902,-3.6622694,-6.783576,-9.952756
1539559902,-0.8664977,-6.6208086,0.83777404
1539559902,-0.76117754,-7.4154973,3.4037561
1539559902,-3.9590807,-8.34423,-4.0931244
1539559902,-7.9899707,-10.603826,-14.012369
1539559902,-4.3707867,-7.2240057,-9.617646
1539559902,0.56011176,-6.2474008,1.3356512
1539559902,-0.91437054,-7.195282,4.619725
1539559902,-5.835695,-9.177217,-6.7357035
1539559902,-7.5399666,-8.00912,-13.246405
1539559902,-3.0494976,-5.739949,-9.320834
1539559902,1.5654407,-7.12826,7.12826
1539559902,-0.4356425,-7.56869,1.2877784
1539559903,-8.191036,-9.876159,-10.278291
1539559903,-6.7931504,-6.850598,-13.849602
1539559903,-1.4984187,-5.7303743,-5.529309
1539559903,1.3165021,-7.8655014,8.612317
1539559903,-3.078221,-7.7314577,-4.7058964
1539559903,-10.077225,-8.746361,-11.590006
1539559903,-3.8058877,-6.563361,-11.226172
1539559903,-0.3877697,-6.0367603,-1.3356512
1539559903,-0.50266445,-8.889979,6.7740016
1539559903,-5.8644185,-9.225089,-5.1176023
1539559903,-8.516571,-8.459125,-12.978316
1539559903,-3.1165195,-5.5580325,-9.742115
1539559903,0.2441513,-7.348475,3.9878044
1539559903,-2.6856642,-8.095291,2.6377914
1539559903,-7.204857,-8.593168,-7.7984796
1539559904,-5.5771813,-7.5782647,-13.734707
1539559904,-2.4558747,-5.3952646,-7.56869
1539559904,-0.15798025,-7.635712,5.3952646
1539559904,-1.9771467,-7.8272033,0.46436617
1539559904,-7.051664,-10.000628,-9.952756
1539559904,-5.2516465,-6.850598,-11.685751
1539559904,-2.0058703,-5.5101595,-5.0505805
1539559904,-0.33032233,-7.8655014,6.630383
1539559904,-2.0728924,-7.721883,-2.7431116
1539559904,-9.091045,-10.441058,-11.465536
1539559904,-3.7963133,-5.9218655,-11.848518
1539559904,-1.0675635,-5.835695,-2.513322
1539559904,-0.5505372,-7.635712,6.458041
1539559904,-3.8824842,-8.880404,-5.222923
1539559904,-8.564445,-9.368708,-12.375119
1539559904,-3.6431203,-6.0846334,-11.503835
1539559905,0.014361841,-7.051664,2.4175766
1539559905,-1.1345854,-7.329326,4.5239797
1539559905,-5.500585,-8.985725,-9.158067
1539559905,-7.4729443,-7.9325233,-13.121935
1539559905,-2.0250196,-6.2091026,-6.515488
1539559905,0.10053288,-6.592085,7.635712
1539559905,-1.6324625,-7.243155,-0.8664977
1539559905,-8.258059,-10.058076,-10.565528
1539559905,-5.366541,-7.1665583,-12.25065
1539559905,-2.1111906,-6.2474008,-2.9824755
1539559905,-0.37819514,-7.654861,6.285699
1539559905,-2.1973617,-9.18679,-3.8729098
1539559905,-8.191036,-8.420826,-11.561282
1539559905,-4.619725,-6.668681,-10.048501
1539559905,-0.49308985,-6.984642,-0.4835153
1539559905,-0.59841,-8.11444,2.867581
1539559906,-5.1654754,-8.593168,-5.1654754
1539559906,-7.9516726,-9.014449,-12.126181
1539559906,-2.6760898,-6.1420803,-9.110194
1539559906,0.22500217,-6.544212,2.0824668
1539559906,-1.4505459,-7.434646,2.905879
1539559906,-4.811217,-10.105948,-6.0080366
1539559906,-7.46337,-7.7793303,-11.503835
1539559906,-3.4612036,-6.0080366,-8.152739
1539559906,-1.862252,-8.506997,2.0920415
1539559906,-7.195282,-10.259142,-9.0814705
1539559906,-5.9697385,-6.984642,-12.011286
1539559906,-2.2356598,-5.347392,-7.176133
1539559906,0.26330042,-7.042089,6.0750585
1539559906,-2.5994933,-8.392102,1.4601204
1539559906,-7.894225,-9.847435,-8.650616
1539559907,-5.634629,-7.348475,-11.005958
1539559907,-3.690993,-6.027186,-7.0325146
1539559907,0.8281995,-6.132506,4.96441
1539559907,-2.2452345,-8.018694,2.4367256
1539559907,-8.104865,-10.6134,-9.598496
1539559907,-5.2707953,-7.5303917,-11.762347
1539559907,-2.3505547,-5.797396,-5.998462
1539559907,-0.22500217,-6.4197426,6.2378263
1539559907,-2.647366,-7.999545,0.69415563
1539559907,-7.741032,-10.6134,-10.421909
1539559907,-5.0122824,-7.56869,-11.838944
1539559907,-1.3260766,-5.912291,-4.1409974
1539559907,-0.2920241,-6.5059137,6.975067
1539559907,-3.758015,-7.587839,-1.6516117
1539559907,-9.024023,-10.172971,-13.390023
1539559908,-5.5580325,-5.3378177,-12.480439
1539559908,-1.4888442,-5.82612,-1.5845897
1539559908,-0.44521707,-8.11444,6.563361
1539559908,-3.997379,-9.138918,-5.950589
1539559908,-8.708063,-9.071896,-12.480439
1539559908,-3.039923,-6.0367603,-10.555953
1539559908,-0.70373017,-6.764427,0.8281995
1539559908,-1.6994845,-7.12826,4.5527034
1539559908,-4.456958,-9.215514,-9.349558
1539559908,-7.1091113,-6.984642,-11.513409
1539559908,-2.254809,-5.8165455,-7.8367777
1539559908,0.8760723,-6.7548523,6.3144226
1539559908,-2.972901,-8.621892,-1.14416
1539559908,-8.928278,-9.5889225,-11.187874
1539559908,-3.4420545,-6.1995277,-10.536804
1539559908,-0.93351966,-6.1995277,-2.9537518
1539559909,-1.4313968,-8.478273,4.9835587
1539559909,-3.7675896,-9.272962,-6.2378263
1539559909,-8.00912,-8.813383,-11.168725
1539559909,-2.6377914,-6.4676156,-10.326163
1539559909,-0.14840569,-6.821874,0.3877697
1539559909,-1.5079932,-7.310177,4.198445
1539559909,-4.1792955,-9.608071,-8.200611
1539559909,-6.3431463,-7.8367777,-11.657027
1539559909,-2.2739582,-5.567607,-8.602742
1539559909,-0.20585304,-7.003791,0.78990126
1539559909,-1.3548003,-7.846352,2.1111906
1539559909,-4.284616,-10.441058,-8.602742
1539559909,-5.232497,-8.018694,-11.28362
1539559909,-2.6760898,-5.7782474,-8.11444
1539559909,-0.6558574,-7.2910275,5.232497
1539559909,1.0579889,-7.434646,-0.15798025
1539559910,-6.8122997,-10.268716,-9.20594
1539559910,-5.155901,-7.5303917,-11.321918
1539559910,-2.8292825,-5.873993,-7.35805
1539559910,0.2441513,-6.7548523,6.0367603
1539559910,0.3398969,-8.104865,0.0718092
1539559910,-6.4676156,-10.737869,-9.761265
1539559910,-5.2516465,-7.9899707,-12.135756
1539559910,-0.9718179,-6.170804,-5.6154795
1539559910,-0.023936402,-7.156984,7.7601814
1539559910,-2.6090677,-8.918703,-2.7622607
1539559910,-8.66019,-9.780414,-11.743198
1539559910,-3.9878044,-7.1186857,-10.795317
1539559910,-0.4164934,-6.3431463,-1.1824582
1539559910,-0.27287498,-7.7601814,7.4059224
1539559910,-4.1888704,-9.474028,-7.051664
1539559910,-8.593168,-8.957002,-12.777251
1539559911,-2.7909844,-6.2091026,-9.129343
1539559911,0.8281995,-6.8122997,1.6803354
1539559911,-1.3356512,-8.621892,4.1888704
1539559911,-5.500585,-9.904882,-7.6452866
1539559911,-7.0708127,-7.042089,-11.982562
1539559911,-2.3888528,-5.672927,-8.382527
1539559911,0.63670826,-8.028269,3.3175852
1539559911,-1.2877784,-8.2676325,2.1207652
1539559911,-5.5963306,-9.617646,-8.305931
1539559911,-6.5346375,-7.1665583,-12.9591675
1539559911,-1.5271424,-5.309094,-7.549541
1539559911,0.9622433,-7.4250717,6.716554
1539559911,-2.752686,-8.085716,0.71330476
1539559911,-8.497422,-10.335738,-10.345312
1539559911,-5.529309,-6.0846334,-11.9346895
1539559912,-1.6133134,-5.682502,-6.984642
1539559912,1.2494801,-8.727212,5.979313
1539559912,-3.1548176,-8.861256,2.1303396
1539559912,-6.8793216,-9.148493,-11.36979
1539559912,-6.6016593,-4.9835587,-12.863422
1539559912,-0.6079846,-6.1899533,-3.2218397
1539559912,-0.110107444,-8.947427,7.3389006
1539559912,-4.5527034,-8.966576,-2.905879
1539559912,-9.158067,-8.755936,-11.915541
1539559912,-4.7058964,-6.017611,-10.94851
1539559912,0.12925656,-6.898471,2.187787
1539559912,-0.4164934,-7.2623043,6.180379
1539559912,-6.592085,-10.345312,-7.999545
1539559912,-9.091045,-6.611234,-12.537887
1539559912,-3.9207826,-4.5239797,-10.19212
1539559912,0.83777404,-8.171887,5.739949
1539559913,-2.0728924,-8.784659,2.7814097
1539559913,-7.8846507,-9.550624,-9.569773
1539559913,-5.605905,-6.3622956,-12.604909
1539559913,-2.8963046,-5.9697385,-7.0708127
1539559913,0.23457673,-7.089962,7.5974135
1539559913,-2.0441687,-7.846352,0.8760723
1539559913,-7.999545,-9.617646,-9.5219
1539559913,-5.739949,-7.2240057,-12.748528
1539559913,-2.2931073,-5.9314404,-4.389936
1539559913,-1.0579889,-8.353804,7.3006024
1539559913,-4.1601467,-7.8655014,-0.8473486
1539559913,-8.191036,-10.757019,-9.215514
1539559913,-4.2941904,-7.5303917,-12.001712
1539559913,-2.0633178,-6.0367603,-4.7058964
1539559913,-0.9430942,-5.9027166,7.195282
1539559913,-2.7239625,-8.305931,-0.54096264
1539559914,-8.018694,-10.354887,-10.651698
1539559914,-3.5952475,-7.7314577,-12.298523
1539559914,-0.5313881,-6.1899533,-2.9824755
1539559914,-0.9718179,-6.9559183,6.831449
1539559914,-4.9069624,-9.579348,-3.8920588
1539559914,-7.2527294,-8.526146,-12.729378
1539559914,-3.1835413,-6.7548523,-10.565528
1539559914,-1.4888442,-6.304848,-0.110107444
1539559914,-1.4409714,-8.21976,5.941015
1539559914,-2.88673,-9.62722,-6.0463347
1539559914,-6.2091026,-8.794233,-12.260224
1539559914,-3.0303483,-6.5059137,-9.033598
1539559914,-0.5792609,-6.9080453,3.1356685
1539559914,-2.0920415,-8.909128,3.2026904
1539559914,-5.38569,-9.339984,-8.200611
1539559914,-4.6388745,-5.988888,-11.896391
1539559915,-2.8484318,-6.3144226,-7.5974135
1539559915,-0.2441513,-7.788905,5.845269
1539559915,-2.8771553,-9.426155,1.1920328
1539559915,-6.256975,-9.158067,-10.479357
1539559915,-4.5239797,-6.611234,-12.260224
1539559915,-1.9101248,-5.7686725,-5.672927
1539559915,-0.45479164,-7.7793303,5.7782474
1539559915,-3.3271596,-9.167642,-1.8335283
1539559915,-7.7793303,-9.100619,-10.689997
1539559915,-3.5665238,-7.051664,-10.986808
1539559915,-0.92394507,-5.299519,-2.5228968
1539559915,-0.76117754,-8.32508,5.7016506
1539559915,-3.8058877,-9.272962,-4.7250457
1539559915,-7.999545,-9.052747,-10.239992
1539559915,-3.6622694,-5.8548436,-10.498506
1539559915,-1.0771381,-6.4484663,-0.44521707
1539559916,-1.0292653,-9.512326,3.4133308
1539559916,-4.1888704,-10.335738,-5.7208
1539559916,-6.4484663,-7.4059224,-11.609155
1539559916,-2.6952388,-5.759098,-9.426155
1539559916,0.023936402,-5.941015,2.408002
1539559916,-1.6324625,-9.62722,3.7292912
1539559916,-4.6675982,-9.464453,-6.639958
1539559916,-6.4197426,-7.999545,-12.116607
1539559916,-3.231414,-6.065484,-8.813383
1539559916,0.46436617,-6.4293175,3.9590807
1539559916,-2.034594,-9.119769,1.8431029
1539559916,-5.7016506,-9.18679,-5.2133484
1539559916,-6.017611,-7.329326,-12.087883
1539559916,-4.581427,-6.218677,-9.043172
1539559916,-0.70373017,-7.3867736,-1.8239537
1539559917,-0.4835153,-9.349558,5.462287
1539559917,-3.825037,-9.54105,-6.716554
1539559917,-6.9463434,-7.693159,-11.752773
1539559917,-2.3505547,-5.8835673,-8.258059
1539559917,0.37819514,-6.2474008,4.476107
1539559917,-1.6133134,-8.497422,1.8143792
1539559917,-6.391019,-9.780414,-7.02294
1539559917,-5.452712,-7.693159,-12.288948
1539559917,-3.2505634,-6.4676156,-6.4676156
1539559917,-0.8952214,-7.7506065,5.108028
1539559917,-0.3398969,-8.420826,-0.7228793
1539559917,-6.0559096,-10.335738,-6.678256
1539559917,-4.198445,-8.229335,-11.676176
1539559917,-1.8814012,-5.8835673,-7.137835
1539559917,-0.63670826,-6.9463434,4.7537694
1539559917,-1.3356512,-8.133589,0.014361841
1539559918,-4.4856815,-9.780414,-8.459125
1539559918,-4.131423,-7.12826,-10.393186
1539559918,-1.4792696,-6.6495323,-8.334655
1539559918,-0.30159867,-7.4154973,6.783576
1539559918,-1.4026731,-8.717637,-0.78990126
1539559918,-6.8410234,-10.0868,-9.493176
1539559918,-3.346309,-7.875076,-11.226172
1539559918,-1.6133134,-5.979313,-4.4186597
1539559918,0.081383765,-5.8548436,6.8793216
1539559918,-2.8101335,-10.374036,-2.149489
1539559918,-9.818711,-10.900637,-11.49426
1539559918,-3.604822,-7.2718787,-10.594251
1539559918,-1.7665064,-5.500585,-2.7431116
1539559918,-2.321831,-8.688913,-2.3505547
1539559918,-8.334655,-9.98148,-10.479357
1539559919,-4.8207912,-7.0133657,-12.25065
1539559919,-1.2494801,-6.1420803,-1.7569319
1539559919,-0.062234644,-8.286782,6.304848
1539559919,-2.494173,-9.474028,-5.586756
1539559919,-8.143164,-9.5219,-10.689997
1539559919,-3.4324799,-5.7782474,-12.097457
1539559919,-2.0058703,-6.017611,-5.041006
1539559919,0.2154276,-7.176133,8.6697645
1539559919,-0.8473486,-9.569773,-3.346309
1539559919,-8.34423,-10.364462,-10.977234
1539559919,-2.8580062,-6.745278,-11.331492
1539559919,-0.22500217,-6.5537868,-2.034594
1539559919,-0.40691882,-8.1623125,6.515488
1539559919,-1.9579976,-9.225089,-3.5665238
1539559919,-8.5740185,-10.000628,-11.417664
1539559920,-4.131423,-6.323997,-11.197449
1539559920,0.014361841,-7.3676243,0.8664977
1539559920,-1.4792696,-8.00912,4.658024
1539559920,-5.5101595,-10.019777,-8.870831
1539559920,-6.017611,-7.137835,-11.714475
1539559920,-1.3930986,-5.079304,-6.821874
1539559920,0.5888355,-7.721883,6.2761245
1539559920,-2.4367256,-8.899554,-0.93351966
1539559920,-8.621892,-11.063405,-10.058076
1539559920,-3.9399316,-7.0133657,-11.216598
1539559920,-0.98139244,-5.845269,-2.2739582
1539559920,-1.1920328,-7.8655014,5.8835673
1539559920,-3.346309,-9.502751,-5.155901
1539559920,-7.9037995,-9.320834,-10.307014
1539559920,-2.9346027,-6.285699,-10.115523
1539559920,0.34947145,-6.2474008,0.3111732
1539559921,-1.7665064,-9.052747,4.5144053
1539559921,-4.1792955,-10.163396,-6.5825105
1539559921,-6.2665496,-8.191036,-10.565528
1539559921,-2.6856642,-6.7548523,-8.5740185
1539559921,0.2154276,-7.5208173,1.1633091
1539559921,-1.2877784,-7.9133744,2.6952388
1539559921,-3.8154624,-9.703817,-6.6016593
1539559921,-6.6208086,-8.526146,-10.938935
1539559921,-2.1973617,-6.2761245,-9.148493
1539559921,0.7228793,-6.8410234,3.5282254
1539559921,-1.7186337,-8.085716,3.3750327
1539559921,-4.8782387,-7.808054,-12.059159
1539559921,-1.5367169,-6.256975,-5.4718614
1539559921,0.23457673,-6.0367603,6.525063
1539559921,-2.9537518,-8.602742,-2.867581
1539559922,-8.420826,-10.852764,-9.560199
1539559922,-2.8101335,-7.501668,-11.05383
1539559922,-1.0388398,-5.7495236,-4.6293
1539559922,-0.5792609,-7.9133744,6.8601727
1539559922,-2.666515,-9.885734,-4.2080193
1539559922,-7.511243,-8.9761505,-9.876159
1539559922,-3.6335456,-6.3431463,-11.944264
1539559922,-0.56968635,-6.2952733,-2.321831
1539559922,-0.5505372,-8.143164,8.191036
1539559922,-5.1367517,-8.966576,-6.027186
1539559922,-7.7601814,-9.64637,-12.700654
1539559922,-1.2494801,-6.391019,-8.516571
1539559922,0.92394507,-6.6878304,1.3548003
1539559922,-0.69415563,-7.741032,4.5239797
1539559922,-6.2091026,-10.335738,-7.8176284
1539559922,-7.1665583,-7.46337,-11.446387
1539559923,-2.88673,-6.304848,-9.043172
1539559923,0.5792609,-5.222923,4.4856815
1539559923,-1.6420372,-7.56869,2.4558747
1539559923,-8.028269,-12.126181,-10.364462
1539559923,-4.437809,-8.353804,-11.551707
1539559923,-1.4313968,-5.2707953,-6.3431463
1539559923,0.3398969,-5.3186684,6.4484663
1539559923,-2.1782124,-8.382527,-0.36862057
1539559923,-7.5974135,-10.670848,-9.502751
1539559923,-3.690993,-7.3006024,-10.900637
1539559923,-1.6803354,-5.988888,-4.8590894
1539559923,-0.33032233,-7.329326,6.678256
1539559923,-2.819708,-9.330409,-2.5516202
1539559923,-8.803808,-10.555953,-9.531475
1539559923,-3.231414,-6.6495323,-11.532558
1539559923,-1.5271424,-5.7112255,-2.6186423
1539559924,-2.2165108,-7.1857076,7.3006024
1539559924,-4.016528,-8.679339,-3.7005677
1539559924,-7.9133744,-10.029352,-10.632549
1539559924,-2.5516202,-6.7261286,-9.991054
1539559924,-1.6420372,-6.4197426,-3.777164
1539559924,-1.5079932,-8.315506,5.7208
1539559924,-2.6282167,-8.985725,-3.604822
1539559924,-7.788905,-10.038927,-9.474028
1539559924,-2.8292825,-6.1229315,-10.565528
1539559924,-1.9579976,-5.912291,-5.5771813
1539559924,-0.50266445,-8.258059,5.1846247
1539559924,-2.187787,-9.024023,-1.5271424
1539559924,-5.912291,-9.722966,-9.378282
1539559924,-4.0739756,-7.156984,-11.36979
1539559924,-0.5313881,-6.2474008,-3.8058877
1539559925,0.751603,-6.975067,6.2761245
1539559925,-2.9537518,-9.569773,-4.0739756
1539559925,-7.5782647,-9.732541,-10.469782
1539559925,-2.187787,-7.3197513,-9.732541
1539559925,1.5175679,-6.170804,-1.862252
1539559925,0.10053288,-8.037844,4.715471
1539559925,-4.619725,-10.077225,-5.232497
1539559925,-7.1091113,-10.211268,-12.011286
1539559925,-1.8909757,-6.544212,-10.29744
1539559925,0.56968635,-6.611234,-0.93351966
1539559925,-1.0005416,-7.9803963,4.801642
1539559925,-3.4420545,-10.393186,-4.5910015
1539559925,-5.7495236,-10.06765,-11.207023
1539559925,-2.6569405,-6.639958,-10.795317
1539559925,0.5792609,-6.37187,-1.948423
1539559925,-0.64628285,-7.0133657,7.137835
1539559926,-3.6335456,-9.675094,-4.169721
1539559926,-7.3197513,-10.546378,-11.360216
1539559926,-2.0250196,-7.4154973,-8.9761505
1539559926,1.3452257,-6.151655,1.3739494
1539559926,-1.9771467,-7.635712,5.347392
1539559926,-5.9027166,-10.967659,-7.9708214
1539559926,-5.376116,-9.359133,-11.925115
1539559926,-1.2590547,-6.821874,-6.410168
1539559926,1.5271424,-6.1899533,2.867581
1539559926,-1.9101248,-7.702734,2.3505547
1539559926,-5.1176023,-11.858093,-11.207023
1539559926,-3.2697124,-7.961247,-10.441058
1539559926,1.4218222,-5.567607,-3.0016246
1539559926,1.4409714,-6.0559096,5.6154795
1539559926,-4.4186597,-9.196365,-2.5994933
1539559926,-7.6452866,-11.350641,-9.569773
1539559927,-3.078221,-8.459125,-9.770839
1539559927,0.37819514,-6.7931504,-1.2877784
1539559927,-0.23457673,-8.305931,5.8835673
1539559927,-3.451629,-9.62722,-4.543129
1539559927,-7.089962,-10.737869,-10.249567
1539559927,-2.2452345,-7.788905,-9.866585
1539559927,-0.359046,-6.6495323,0.34947145
1539559927,-1.3069274,-8.133589,5.376116
1539559927,-2.3314054,-10.278291,-6.304848
1539559927,-5.8165455,-8.909128,-9.339984
1539559927,-2.101616,-7.195282,-8.248484
1539559927,-0.47394073,-6.9463434,-0.2920241
1539559927,-0.78032666,-8.842107,3.1835413
1539559927,-2.5707695,-9.991054,-5.998462
1539559927,-6.304848,-8.621892,-9.483603
1539559928,-2.3122563,-6.9176197,-8.612317
1539559928,0.13883112,-7.0803876,2.3505547
1539559928,-1.1633091,-8.621892,1.4984187
1539559928,-3.6814184,-10.230418,-6.716554
1539559928,-5.232497,-7.0708127,-11.149575
1539559928,-1.5367169,-5.8931417,-6.850598
1539559928,0.9622433,-7.3867736,1.862252
1539559928,-1.7282082,-9.713391,-0.27287498
1539559928,-6.9176197,-10.488931,-8.392102
1539559928,-3.604822,-7.3006024,-9.378282
1539559928,-0.56011176,-5.787822,-6.2761245
1539559928,0.39734426,-7.1665583,4.0261025
1539559928,-1.8814012,-8.286782,-0.11968201
1539559928,-6.017611,-10.881488,-7.56869
1539559928,-4.8973875,-7.156984,-9.62722
1539559928,-1.862252,-7.2718787,-7.1857076
1539559929,0.062234644,-7.5591154,4.456958
1539559929,-2.1111906,-9.100619,-0.8760723
1539559929,-5.9218655,-10.737869,-7.4154973
1539559929,-3.7005677,-7.482519,-9.96233
1539559929,-2.015445,-6.8410234,-6.094208
1539559929,-0.3111732,-5.644203,5.433563
1539559929,-1.7282082,-8.085716,-1.0484143
1539559929,-6.5537868,-10.910212,-8.889979
1539559929,-3.6622694,-8.708063,-10.498506
1539559929,-0.36862057,-6.8027253,-4.236743
1539559929,-0.03351096,-6.6016593,4.993133
1539559929,-3.078221,-8.851681,-2.187787
1539559929,-7.7601814,-10.680422,-8.171887
1539559929,-3.231414,-7.961247,-10.919786
1539559929,-1.383524,-6.304848,-4.322914
1539559929,-1.0771381,-7.7793303,4.96441
1539559930,-1.79523,-9.18679,-2.561195
1539559930,-6.438892,-10.06765,-8.430401
1539559930,-2.4175766,-7.0133657,-9.847435
1539559930,-1.5271424,-6.5346375,-6.103782
1539559930,-0.023936402,-7.8655014,4.1026993
1539559930,-0.6558574,-9.014449,-0.78032666
1539559930,-4.610151,-10.134672,-6.3144226
1539559930,-2.819708,-7.7123084,-9.665519
1539559930,-1.5271424,-6.5346375,-6.5059137
1539559930,-0.33032233,-7.587839,3.2792869
1539559930,-1.2973529,-9.349558,-0.014361841
1539559930,-5.519734,-9.991054,-8.966576
1539559930,-5.0984535,-8.794233,-11.637878
1539559930,-0.0718092,-6.323997,-3.997379
1539559930,1.8526775,-6.9463434,5.979313
1539559930,-0.9526688,-7.56869,-0.9526688
1539559931,-8.401677,-11.417664,-10.058076
1539559931,-2.9920502,-8.401677,-11.819795
1539559931,-0.18670394,-6.0367603,-3.6239712
1539559931,-0.5888355,-7.721883,6.9080453
1539559931,-2.5516202,-8.832532,-2.5037475
1539559931,-8.00912,-10.268716,-11.015532
1539559931,-3.346309,-7.549541,-10.776168
1539559931,-0.4164934,-5.328243,-4.4090853
1539559931,-0.36862057,-7.2718787,6.678256
1539559931,-1.0867126,-9.024023,-3.5090764
1539559931,-6.5346375,-11.657027,-12.049584
1539559931,-1.8718265,-8.104865,-10.307014
1539559931,-0.61755913,-6.5825105,-2.0824668
1539559931,-2.0250196,-7.35805,4.351638
1539559931,-1.8814012,-9.435729,-5.7112255
1539559931,-5.0601554,-9.464453,-9.924032
1539559932,0.19627848,-7.2718787,1.5941644
1539559932,-1.5462915,-9.196365,3.0877957
1539559932,-3.0111992,-10.182545,-7.204857
1539559932,-3.9399316,-8.411251,-9.54105
1539559932,-1.8718265,-7.089962,-7.2910275
1539559932,0.751603,-6.323997,4.3612123
1539559932,-1.2782038,-9.225089,0.61755913
1539559932,-4.428234,-10.728295,-8.966576
1539559932,-3.9590807,-7.46337,-10.527229
1539559932,-0.49308985,-5.960164,-6.9942164
1539559932,1.6037389,-7.855927,2.3984275
1539559932,-0.4164934,-9.732541,0.70373017
1539559932,-5.079304,-10.316589,-6.630383
1539559932,-5.644203,-8.152739,-11.274045
1539559933,-1.2016073,-5.2037735,-7.042089
1539559933,1.1728836,-6.716554,3.8633351
1539559933,-1.3739494,-9.407005,1.2303311
1539559933,-5.529309,-9.330409,-8.076141
1539559933,-7.137835,-8.966576,-11.05383
1539559933,-1.862252,-6.4484663,-9.330409
1539559933,0.9622433,-7.2240057,2.6952388
1539559933,-1.2399056,-9.359133,3.930357
1539559933,-3.0111992,-8.679339,-6.486765
1539559933,-7.137835,-7.8846507,-11.446387
1539559933,-2.034594,-6.1612296,-10.010203
1539559933,1.2016073,-6.5825105,5.299519
1539559933,-2.6952388,-9.071896,1.3548003
1539559933,-5.9218655,-9.904882,-8.957002
1539559933,-5.806971,-7.329326,-11.676176
1539559933,-2.3984275,-6.544212,-5.2707953
1539559934,0.19627848,-6.113357,7.6452866
1539559934,-3.4324799,-9.435729,-2.580344
1539559934,-7.616563,-9.636795,-9.378282
1539559934,-4.303765,-7.654861,-10.986808
1539559934,-1.8814012,-5.998462,-1.6994845
1539559934,-0.25372586,-7.7793303,5.433563
1539559934,-3.6239712,-9.464453,-4.3707867
1539559934,-8.66019,-9.263388,-11.513409
1539559934,-4.6388745,-6.936769,-7.9325233
1539559934,1.8048047,-6.8793216,3.0877957
1539559934,-0.93351966,-6.3431463,3.346309
1539559934,-7.3676243,-9.617646,-7.35805
1539559934,-7.434646,-7.721883,-11.896391
1539559934,-2.5324712,-7.9516726,-8.487848
1539559934,0.665432,-7.6835847,4.916537
1539559934,-2.6856642,-5.979313,3.2218397
1539559935,-7.1186857,-10.019777,-10.115523
1539559935,-6.9654927,-7.0803876,-13.514492
1539559935,-1.2207564,-6.678256,-4.1601467
1539559935,0.26330042,-6.745278,8.918703
1539559935,-3.2792869,-8.813383,-5.462287
1539559935,-9.024023,-9.004874,-11.848518
1539559935,-2.88673,-6.639958,-9.579348
1539559935,0.14840569,-7.051664,0.9430942
1539559935,-2.9250283,-7.3197513,5.06973
1539559935,-5.347392,-9.20594,-7.434646
1539559935,-6.0080366,-8.9761505,-12.528313
1539559935,-2.647366,-6.668681,-6.3622956
1539559935,-1.9771467,-6.898471,0.36862057
1539559935,-7.587839,-9.85701,-9.54105
1539559935,-4.7441945,-7.2527294,-11.216598
1539559936,-2.0633178,-7.156984,-4.9739842
1539559936,-1.2016073,-7.788905,6.333572
1539559936,-2.2643836,-7.3006024,-1.8814012
1539559936,-7.2240057,-9.110194,-12.260224
1539559936,-3.690993,-7.846352,-11.111278
1539559936,-0.4356425,-7.8272033,1.2111819
1539559936,-2.0633178,-6.0367603,5.538883
1539559936,-4.2941904,-8.708063,-7.616563
1539559936,-8.66019,-8.545295,-14.088965
1539559936,-3.3750327,-6.4676156,-7.9325233
1539559936,1.2877784,-7.396348,6.323997
1539559936,-1.6994845,-7.769756,1.6037389
1539559936,-8.688913,-9.885734,-11.666602
1539559936,-5.567607,-7.9037995,-12.126181
1539559936,0.751603,-5.529309,-0.28244954
1539559937,1.2590547,-7.2623043,5.7495236
1539559937,-5.653778,-10.642124,-2.972901
1539559937,-7.741032,-7.999545,-14.050668
1539559937,-4.08355,-6.4963393,-8.583593
1539559937,0.49308985,-7.1091113,3.9878044
1539559937,-0.5313881,-7.5208173,4.8207912
1539559937,-5.950589,-10.29744,-7.999545
1539559937,-6.850598,-6.975067,-13.399597
1539559937,-2.475024,-7.329326,-5.0601554
1539559937,0.6558574,-7.5399666,7.12826
1539559937,-2.666515,-8.372953,-3.078221
1539559937,-9.98148,-8.430401,-12.269799
1539559937,-4.342063,-6.6878304,-10.038927
1539559937,1.3930986,-6.544212,1.776081
1539559937,-0.47394073,-8.2676325,4.8590894
1539559937,-6.2378263,-10.259142,-7.635712
1539559938,-8.478273,-7.137835,-14.673014
1539559938,-1.8909757,-5.1654754,-6.113357
1539559938,2.408002,-7.721883,4.045252
1539559938,-2.5324712,-8.11444,0.6079846
1539559938,-8.631466,-8.746361,-8.516571
1539559938,-4.954835,-6.8410234,-12.6527815
1539559938,0.14840569,-7.1186857,-2.0250196
1539559938,0.6079846,-8.708063,6.3431463
1539559938,-4.504831,-8.487848,-3.7197168
1539559938,-8.612317,-8.430401,-12.920869
1539559938,-3.4899273,-6.103782,-10.029352
1539559938,0.512239,-7.243155,1.4122477
1539559938,-0.7324539,-8.392102,3.4229054
1539559938,-5.8931417,-10.010203,-6.8122997
1539559938,-7.3867736,-6.668681,-13.074062
1539559938,-1.8814012,-5.8835673,-6.2761245
1539559939,0.8760723,-7.310177,3.1835413
1539559939,-3.346309,-8.430401,-0.99096704
1539559939,-8.889979,-9.445304,-11.26447
1539559939,-3.1548176,-5.9218655,-9.138918
1539559939,-0.062234644,-6.285699,-3.1165195
1539559939,-1.0867126,-9.052747,3.4037561
1539559939,-4.5335546,-9.014449,-4.3995104
1539559939,-6.9463434,-7.654861,-12.317672
1539559939,-3.346309,-7.1091113,-9.167642
1539559939,1.0867126,-6.831449,2.7431116
1539559939,-1.6133134,-8.143164,1.948423
1539559939,-4.476107,-8.200611,-6.3527207
1539559939,-7.788905,-8.621892,-12.863422
1539559939,-3.384607,-6.218677,-8.842107
1539559939,1.2973529,-6.9176197,6.2091026
1539559939,-1.7377827,-7.999545,1.0579889
1539559940,-7.2240057,-9.493176,-9.225089
1539559940,-6.333572,-6.8793216,-12.413418
1539559940,-1.4026731,-5.9314404,-5.692076
1539559940,0.8760723,-8.842107,5.835695
1539559940,-2.427151,-8.066567,-2.3888528
1539559940,-8.698488,-9.330409,-11.896391
1539559940,-3.4803526,-5.8835673,-10.230418
1539559940,-0.7228793,-6.630383,-1.383524
1539559940,-1.1250108,-8.918703,4.5335546
1539559940,-3.2505634,-8.995299,-6.103782
1539559940,-7.788905,-7.2718787,-12.528313
1539559940,-3.8537605,-6.1995277,-9.971905
1539559940,0.9430942,-6.697405,3.5473747
1539559940,-0.4835153,-9.550624,1.7186337
1539559940,-5.49101,-9.18679,-6.9942164
1539559941,-6.113357,-6.764427,-13.6676855
1539559941,-3.0494976,-5.941015,-8.918703
1539559941,0.8760723,-7.664436,5.481436
1539559941,-1.3452257,-8.076141,1.4601204
1539559941,-5.414414,-8.832532,-8.717637
1539559941,-6.4676156,-6.8888965,-12.758101
1539559941,-2.6090677,-5.8644185,-8.085716
1539559941,0.5218136,-8.229335,3.997379
1539559941,-1.3930986,-8.870831,0.47394073
1539559941,-5.0601554,-8.641041,-6.4963393
1539559941,-6.8410234,-7.434646,-13.00704
1539559941,0.25372586,-8.191036,4.715471
1539559941,-1.5654407,-8.583593,1.709059
1539559941,-4.6005764,-9.004874,-8.612317
1539559941,-6.6016593,-6.611234,-12.35597
1539559942,-2.9346027,-6.0080366,-7.2623043
1539559942,-0.3111732,-8.957002,5.998462
1539559942,-1.9196993,-8.210186,-0.63670826
1539559942,-5.7016506,-8.813383,-8.32508
1539559942,-5.605905,-7.02294,-12.212352
1539559942,-2.0728924,-5.82612,-7.3771987
1539559942,-0.05266008,-8.401677,5.845269
1539559942,-1.5462915,-8.104865,-0.03351096
1539559942,-6.0367603,-9.004874,-9.722966
1539559942,-4.8590894,-6.2952733,-12.987891
1539559942,-1.2590547,-6.2378263,-5.5101595
1539559942,0.34947145,-8.305931,6.544212
1539559942,-2.2069361,-8.727212,-2.6569405
1539559942,-7.9133744,-8.889979,-11.475111
1539559942,-3.6431203,-6.1899533,-11.762347
1539559942,-0.6271337,-7.156984,-2.733537
1539559943,-0.5218136,-9.3878565,5.2899446
1539559943,-2.5037475,-8.937852,-5.2133484
1539559943,-7.56869,-7.3867736,-12.0400095
1539559943,-2.494173,-5.7112255,-9.272962
1539559943,-0.18670394,-7.5399666,-1.9388485
1539559943,-0.93351966,-9.263388,2.561195
1539559943,-3.7197168,-9.29211,-5.1367517
1539559943,-6.132506,-7.3676243,-12.116607
1539559943,-2.6856642,-5.739949,-9.608071
1539559943,0.18670394,-8.171887,1.2016073
1539559943,-1.4601204,-9.64637,1.8239537
1539559943,-3.5665238,-8.851681,-6.8027253
1539559943,-4.96441,-6.1899533,-12.078308
1539559943,-1.929274,-6.103782,-8.334655
1539559943,0.83777404,-7.6261373,3.8824842
1539559943,-2.2739582,-8.621892,-0.16755481
1539559944,-6.5729356,-8.688913,-9.617646
1539559944,-6.170804,-6.5729356,-13.868751
1539559944,-1.0962871,-5.6250544,-4.868664
1539559944,0.90479594,-8.1623125,7.1186857
1539559944,-2.7048132,-8.459125,-2.9346027
1539559944,-10.345312,-9.62722,-12.183628
1539559944,-2.972901,-5.873993,-10.077225
1539559944,-1.8143792,-6.6495323,-2.8771553
1539559944,-3.3175852,-8.535721,-3.7675896
1539559944,-7.46337,-6.8027253,-12.212352
1539559944,-4.476107,-6.0080366,-10.622974
1539559944,-1.0292653,-7.1474094,-1.5175679
1539559944,-1.5175679,-8.803808,3.8633351
1539559944,-4.0931244,-8.832532,-5.108028
1539559945,-6.831449,-7.616563,-12.920869
1539559945,-3.8824842,-5.692076,-10.125097
1539559945,-1.6994845,-6.8027253,2.0537431
1539559945,-1.7282082,-8.535721,3.2697124
1539559945,-4.016528,-9.004874,-6.113357
1539559945,-6.984642,-8.143164,-13.093211
1539559945,-2.9250283,-6.027186,-9.85701
1539559945,-3.059072,-7.999545,4.2654667
1539559945,-5.3186684,-8.957002,-9.493176
1539559945,-5.82612,-6.745278,-13.02619
1539559945,-2.4845984,-5.797396,-7.6261373
1539559945,0.110107444,-6.630383,5.1367517
1539559945,-2.3026817,-8.439975,0.7420284
1539559945,-7.1474094,-9.991054,-9.943181
1539559945,-5.146326,-7.5303917,-12.997466
1539559946,-1.948423,-5.347392,-6.9080453
1539559946,-0.5792609,-6.0559096,7.0708127
1539559946,-2.6569405,-8.095291,-0.7994758
1539559946,-7.808054,-9.617646,-9.904882
1539559946,-3.9590807,-7.003791,-12.403843
1539559946,-1.9579976,-5.328243,-5.2133484
1539559946,-0.8664977,-7.7506065,5.2707953
1539559946,-2.2835326,-8.334655,-1.929274
1539559946,-7.9133744,-9.991054,-8.995299
1539559946,-4.476107,-6.898471,-12.451715
1539559946,-2.4175766,-5.5580325,-5.950589
