1540258566,-0.9718179,-1.0675635,9.426155
1540258566,-0.8952214,-1.0388398,9.368708
1540258566,-0.90479594,-1.0484143,9.368708
1540258566,-0.8760723,-1.0675635,9.3878565
1540258566,-1.2207564,-1.3739494,12.5474615
1540258566,-0.90479594,-1.0196906,9.320834
1540258566,-0.9430942,-1.0867126,9.3878565
1540258566,-0.9526688,-1.0101161,9.330409
1540258566,-0.8856468,-0.98139244,9.330409
1540258566,-0.8281995,-0.99096704,9.359133
1540258566,-0.85692316,-1.0579889,9.378282
1540258566,-0.85692316,-1.1058618,9.435729
1540258566,-0.8952214,-1.0867126,9.445304
1540258566,-0.9526688,-0.98139244,9.407005
1540258566,-0.98139244,-0.9718179,9.397431
1540258566,-0.92394507,-1.0005416,9.320834
1540258566,-0.85692316,-1.0196906,9.339984
1540258566,-0.7994758,-1.0005416,9.359133
1540258566,-0.8090504,-1.0005416,9.378282
1540258566,-0.8664977,-0.9526688,9.435729
1540258566,-0.92394507,-0.99096704,9.474028
1540258566,-0.93351966,-1.0388398,9.435729
1540258566,-0.91437054,-1.0962871,9.378282
1540258566,-0.93351966,-1.1154363,9.359133
1540258566,-0.9430942,-1.1250108,9.493176
1540258566,-0.99096704,-1.14416,9.5219
1540258566,-1.0101161,-1.1250108,9.512326
1540258566,-0.9622433,-1.0005416,9.464453
1540258566,-0.9430942,-0.9430942,9.41658
1540258566,-0.91437054,-0.9430942,9.407005
1540258566,-0.9526688,-1.0292653,9.41658
1540258566,-0.93351966,-1.14416,9.397431
1540258566,-0.91437054,-1.2016073,9.339984
1540258566,-0.91437054,-1.0867126,9.349558
1540258566,-0.91437054,-1.0196906,9.397431
1540258566,-0.8760723,-0.99096704,9.426155
1540258566,-0.8856468,-0.9718179,9.368708
1540258566,-0.8664977,-0.91437054,9.29211
1540258566,-0.83777404,-0.8952214,9.301685
1540258566,-0.8760723,-0.9430942,9.320834
1540258566,-0.90479594,-1.0579889,9.31126
1540258566,-0.9430942,-1.1728836,9.368708
1540258566,-0.9718179,-1.1633091,9.378282
1540258566,-0.9430942,-1.1250108,9.41658
1540258566,-0.90479594,-1.0484143,9.435729
1540258566,-0.90479594,-1.0101161,9.397431
1540258566,-0.8760723,-1.0292653,9.368708
1540258566,-0.85692316,-1.0101161,9.320834
1540258566,-0.8473486,-0.9718179,9.31126
1540258566,-0.8664977,-0.9526688,9.349558
1540258566,-0.8664977,-1.0005416,9.3878565
1540258566,-0.8952214,-1.0484143,9.397431
1540258566,-0.9622433,-1.0962871,9.41658
1540258566,-0.99096704,-1.0962871,9.41658
1540258566,-1.0388398,-1.0771381,9.435729
1540258566,-0.9622433,-1.0292653,9.483603
1540258566,-0.90479594,-1.0005416,9.493176
1540258566,-0.90479594,-1.0005416,9.493176
1540258566,-0.8760723,-0.9622433,9.493176
1540258566,-0.8760723,-0.9526688,9.426155
1540258566,-0.90479594,-0.9430942,9.378282
1540258566,-0.8664977,-0.98139244,9.31126
1540258566,-0.8281995,-1.0484143,9.2825365
1540258566,-0.8856468,-1.0771381,9.320834
1540258566,-0.93351966,-1.0579889,9.378282
1540258566,-0.9718179,-1.0196906,9.474028
1540258566,-1.0101161,-0.9718179,9.493176
1540258566,-0.99096704,-0.9718179,9.512326
1540258566,-0.9718179,-0.92394507,9.474028
1540258566,-0.91437054,-0.93351966,9.464453
1540258566,-0.8760723,-1.0101161,9.41658
1540258566,-0.8952214,-1.0484143,9.349558
1540258566,-0.92394507,-1.0388398,9.301685
1540258566,-0.91437054,-1.0196906,9.435729
1540258566,-0.9622433,-1.0101161,9.493176
1540258566,-1.0101161,-0.9430942,9.445304
1540258566,-0.9430942,-0.92394507,9.426155
1540258566,-0.8856468,-0.91437054,9.445304
1540258566,-0.8473486,-0.9622433,9.426155
1540258566,-0.8760723,-0.9526688,9.426155
1540258566,-0.91437054,-1.0005416,9.454879
1540258566,-0.91437054,-1.0101161,9.41658
1540258566,-0.92394507,-1.0292653,9.359133
1540258566,-0.8856468,-1.0388398,9.359133
1540258567,-0.8856468,-1.0292653,9.407005
1540258567,-0.8952214,-1.0675635,9.3878565
1540258567,-0.9430942,-1.0579889,9.407005
1540258567,-1.0484143,-1.0484143,9.41658
1540258567,-1.0962871,-1.0962871,9.445304
1540258567,-1.0962871,-1.0675635,9.435729
1540258567,-1.0675635,-1.0101161,9.378282
1540258567,-0.9718179,-0.99096704,9.339984
1540258567,-0.8856468,-0.9526688,9.359133
1540258567,-0.8952214,-0.9718179,9.3878565
1540258567,-0.92394507,-1.0388398,9.368708
1540258567,-0.9622433,-1.0292653,9.3878565
1540258567,-1.0101161,-1.0771381,9.378282
1540258567,-1.0579889,-1.1537346,9.320834
1540258567,-1.0962871,-1.1824582,9.301685
1540258567,-1.0196906,-1.1537346,9.349558
1540258567,-1.0101161,-1.0484143,9.483603
1540258567,-0.99096704,-0.90479594,9.531475
1540258567,-0.9718179,-0.8856468,9.512326
1540258567,-0.90479594,-0.91437054,9.445304
1540258567,-0.8473486,-1.0196906,9.41658
1540258567,-0.85692316,-1.0579889,9.41658
1540258567,-0.85692316,-1.1537346,9.397431
1540258567,-0.92394507,-1.1058618,9.3878565
1540258567,-0.9718179,-1.0005416,9.359133
1540258567,-0.9718179,-0.92394507,9.41658
1540258567,-0.93351966,-0.8664977,9.378282
1540258567,-0.9526688,-0.8186249,9.368708
1540258567,-0.9430942,-0.8952214,9.31126
1540258567,-0.9526688,-1.0005416,9.359133
1540258567,-1.0005416,-1.14416,9.3878565
1540258567,-1.0771381,-1.2207564,9.445304
1540258567,-1.0962871,-1.2207564,9.464453
1540258567,-1.0675635,-1.1728836,9.493176
1540258567,-1.0675635,-1.0962871,9.445304
1540258567,-1.0101161,-1.0005416,9.407005
1540258567,-0.91437054,-0.90479594,9.435729
1540258567,-0.8856468,-0.8281995,9.397431
1540258567,-0.85692316,-0.77075213,9.3878565
1540258567,-0.8856468,-0.8281995,9.3878565
1540258567,-0.85692316,-0.8856468,9.234664
1540258567,-0.8664977,-0.91437054,9.052747
1540258567,-0.90479594,-0.98139244,9.071896
1540258567,-0.9430942,-1.0962871,9.215514
1540258567,-1.0388398,-1.0962871,9.244238
1540258567,-1.1250108,-1.0579889,9.320834
1540258567,-1.14416,-1.0005416,9.3878565
1540258567,-1.1537346,-0.9430942,9.41658
1540258567,-1.1537346,-0.8664977,9.464453
1540258567,-1.0771381,-0.85692316,9.5219
1540258567,-1.0484143,-0.91437054,9.5889225
1540258567,-1.0005416,-1.0388398,9.655944
1540258567,-1.0484143,-1.1345854,9.560199
1540258567,-1.0771381,-1.1537346,9.493176
1540258567,-1.0484143,-1.0962871,9.54105
1540258567,-0.98139244,-0.99096704,9.54105
1540258567,-0.93351966,-0.91437054,9.483603
1540258567,-0.9526688,-0.8664977,9.426155
1540258567,-0.93351966,-0.9718179,9.474028
1540258567,-0.92394507,-1.1345854,9.550624
1540258567,-1.0196906,-1.2207564,9.617646
1540258567,-1.1058618,-1.1824582,9.5889225
1540258567,-1.1537346,-0.99096704,9.550624
1540258567,-1.1345854,-0.7994758,9.512326
1540258567,-1.0962871,-0.76117754,9.483603
1540258567,-1.0484143,-0.8186249,9.3878565
1540258567,-1.0484143,-0.8856468,9.272962
1540258567,-0.9718179,-0.99096704,9.263388
1540258567,-0.8952214,-1.0101161,9.339984
1540258567,-0.8856468,-1.0005416,9.435729
1540258567,-0.9430942,-0.9718179,9.54105
1540258567,-0.98139244,-0.92394507,9.5219
1540258567,-0.99096704,-0.99096704,9.569773
1540258567,-0.98139244,-1.0579889,9.579348
1540258567,-0.98139244,-1.0196906,9.54105
1540258567,-1.0484143,-0.91437054,9.512326
1540258567,-1.0867126,-0.90479594,9.445304
1540258567,-1.0484143,-0.8856468,9.41658
1540258567,-0.9622433,-0.8473486,9.378282
1540258567,-0.91437054,-0.85692316,9.41658
1540258567,-0.8952214,-0.8856468,9.512326
1540258567,-0.93351966,-0.92394507,9.579348
1540258567,-0.98139244,-0.99096704,9.742115
1540258567,-0.99096704,-1.0484143,9.876159
1540258567,-1.0101161,-1.0101161,9.85701
1540258567,-1.0005416,-0.8856468,9.64637
1540258567,-0.90479594,-0.78990126,9.560199
1540258567,-0.85692316,-0.8186249,9.483603
1540258567,-0.8473486,-0.7994758,9.464453
1540258567,-0.77075213,-0.7994758,9.474028
1540258567,-0.78990126,-0.751603,9.397431
1540258567,-0.8473486,-0.64628285,9.234664
1540258567,-0.8952214,-0.6271337,9.148493
1540258567,-0.90479594,-0.6750065,9.129343
1540258567,-0.8952214,-0.6845811,9.0814705
1540258567,-0.8760723,-0.6750065,9.0814705
1540258567,-0.8281995,-0.70373017,9.177217
1540258567,-0.6558574,-0.90479594,9.148493
1540258567,-0.5792609,-0.99096704,9.014449
1540258567,-0.64628285,-0.8952214,9.043172
1540258567,-0.76117754,-0.64628285,9.378282
1540258567,-0.9718179,-0.36862057,9.617646
1540258567,-1.1824582,-0.18670394,9.665519
1540258567,-1.3356512,-0.17712937,9.665519
1540258567,-1.3165021,-0.359046,9.64637
1540258567,-1.2399056,-0.28244954,9.560199
1540258567,-1.2111819,0.00478728,9.445304
1540258567,-1.0867126,0.11968201,9.560199
1540258567,-1.3069274,0.4356425,9.732541
1540258567,-1.2111819,0.44521707,9.713391
1540258567,-1.1537346,0.0718092,9.598496
1540258567,-1.14416,-0.6750065,9.378282
1540258567,-0.9430942,-1.3548003,9.215514
1540258567,-0.76117754,-1.4505459,9.20594
1540258567,-0.78990126,-1.0867126,9.31126
1540258567,-0.8281995,-0.7324539,9.464453
1540258567,-0.83777404,-0.4356425,9.435729
1540258567,-0.85692316,-0.22500217,9.31126
1540258567,-0.85692316,-0.11968201,9.31126
1540258567,-0.8473486,-0.11968201,9.397431
1540258567,-0.8186249,-0.17712937,9.474028
1540258567,-0.78032666,-0.22500217,9.560199
1540258567,-0.7324539,-0.30159867,9.675094
1540258567,-0.7420284,-0.49308985,9.96233
1540258567,-0.77075213,-0.512239,10.153821
1540258567,-0.8952214,-0.28244954,10.230418
1540258568,-1.0005416,-0.13883112,10.412334
1540258568,-1.0292653,-0.13883112,10.699572
1540258568,-1.1058618,-0.23457673,10.689997
1540258568,-1.14416,-0.26330042,10.421909
1540258568,-1.1728836,-0.26330042,10.0868
1540258568,-1.1537346,-0.40691882,9.617646
1540258568,-1.1250108,-0.56968635,9.253813
1540258568,-1.0196906,-0.5888355,8.966576
1540258568,-0.93351966,-0.45479164,8.755936
1540258568,-1.0101161,-0.25372586,8.727212
1540258568,-1.0484143,-0.19627848,8.765511
1540258568,-1.2973529,0.93351966,9.062322
1540258568,-1.6324625,0.4164934,9.770839
1540258568,-2.0537431,-0.47394073,10.364462
1540258568,-3.5473747,-1.79523,14.385777
1540258568,-5.088879,4.8207912,6.936769
1540258568,-4.3995104,9.885734,4.887813
1540258568,-1.9867213,18.76135,2.4654493
1540258568,-0.39734426,19.603912,2.321831
1540258568,0.63670826,19.527315,4.2558923
1540258568,-3.2505634,15.908133,9.924032
1540258568,-9.148493,19.603912,16.26239
1540258568,-17.593254,19.603912,19.594337
1540258568,-19.603912,19.594337,-3.059072
1540258568,-19.565615,-3.0877957,-19.603912
1540258568,-7.8655014,-19.594337,-19.489017
1540258568,17.152824,-18.857098,-12.815549
1540258568,-18.541136,-0.081383765,-11.360216
1540258568,-10.910212,-10.345312,-16.654947
1540258568,-0.0718092,-19.498592,-13.571939
1540258568,-1.3739494,-19.594337,-4.7058964
1540258568,-7.7601814,-15.515575,-7.8176284
1540258568,-14.299606,1.1058618,-3.4229054
1540258568,-12.604909,13.255979,9.033598
1540258568,-9.330409,19.603912,12.710229
1540258568,-1.3548003,19.603912,16.817715
1540258568,11.637878,14.385777,7.2240057
1540258568,4.428234,5.941015,-4.9739842
1540258568,3.365458,3.9782298,1.3260766
1540258568,-3.173967,-0.63670826,3.7963133
1540258568,-8.784659,-3.4612036,7.5591154
1540258568,-8.4686985,0.0,14.778334
1540258568,-3.2409887,5.692076,19.594337
1540258568,-3.844186,7.4442205,18.608158
1540258568,-6.017611,3.930357,17.238997
1540258568,-5.4718614,-3.9590807,12.145329
1540258568,-4.5910015,-10.6134,6.304848
1540258568,-1.6133134,-10.010203,6.544212
1540258568,-0.5313881,-3.2984362,9.062322
1540258568,-2.1111906,1.2877784,10.938935
1540258568,-2.8292825,1.5175679,10.670848
1540258568,-2.168638,0.34947145,9.991054
1540258568,-0.8664977,-0.0718092,10.278291
1540258568,-0.8090504,-0.61755913,9.8953085
1540258568,-1.5079932,-1.2111819,10.584677
1540258569,-2.427151,-0.6079846,9.052747
1540258569,-2.2643836,1.2686293,10.498506
1540258569,-2.187787,0.50266445,10.307014
1540258569,-1.3548003,-0.7994758,8.229335
1540258569,-0.78032666,-0.92394507,8.870831
1540258569,-1.4026731,-1.3260766,9.426155
1540258569,-1.6994845,0.15798025,9.550624
1540258569,-2.034594,0.47394073,9.7899885
1540258569,-2.0250196,0.4356425,9.933606
1540258569,-1.6899099,0.30159867,9.703817
1540258569,-1.1345854,-0.45479164,8.937852
1540258569,-0.78990126,-1.4888442,8.181462
1540258569,-0.8473486,-0.8281995,8.439975
1540258569,-1.2782038,0.16755481,9.713391
1540258569,-1.8335283,0.110107444,10.259142
1540258569,-2.0728924,0.03351096,9.531475
1540258569,-1.4122477,-0.081383765,9.043172
1540258569,-0.5313881,-0.83777404,8.315506
1540258569,-0.5505372,-0.9526688,8.34423
1540258569,-1.14416,0.3111732,9.636795
1540258569,-1.3069274,0.90479594,9.924032
1540258569,-0.8760723,0.10053288,9.225089
1540258569,-0.63670826,0.32074776,8.392102
1540258569,-0.8473486,0.8473486,8.602742
1540258569,-1.0675635,0.93351966,10.115523
1540258569,-1.2111819,0.5792609,11.26447
1540258569,-1.6324625,0.47394073,11.28362
1540258569,-2.3505547,0.062234644,10.115523
1540258569,-2.7909844,-0.11968201,9.272962
1540258569,-2.9920502,-0.3398969,10.335738
1540258569,-2.8484318,-1.2686293,11.992137
1540258569,-3.193116,-1.3739494,10.843189
1540258569,-3.3750327,1.3069274,5.605905
1540258569,-3.2601378,-0.9526688,6.410168
1540258569,-1.14416,1.3643749,7.2623043
1540258569,1.0484143,2.7239625,7.348475
1540258569,-0.5218136,-0.9526688,8.746361
1540258569,-3.365458,-1.0005416,9.493176
1540258569,-0.27287498,-0.32074776,10.651698
1540258569,2.6090677,1.6611862,10.182545
1540258569,1.6420372,1.4888442,8.813383
1540258569,0.90479594,1.5941644,8.755936
1540258569,-0.71330476,2.2260852,9.828286
1540258569,-2.3122563,0.64628285,10.029352
1540258569,-1.7569319,-0.8664977,10.2016945
1540258569,-2.9250283,-1.7282082,9.196365
1540258569,-1.9005502,-1.1058618,10.249567
1540258569,-1.7186337,0.27287498,9.378282
1540258569,-3.2505634,-2.8101335,8.947427
1540258569,-3.4420545,-3.3941817,10.096374
1540258569,-2.9154537,-1.5367169,11.561282
1540258569,-1.4409714,0.16755481,12.557036
1540258569,-0.8186249,-0.78990126,11.408089
1540258569,0.043085523,-0.9622433,8.755936
1540258569,0.22500217,-0.8281995,7.3676243
1540258569,-2.3122563,2.0441687,6.697405
1540258569,1.3260766,3.825037,9.320834
1540258569,1.4409714,3.0494976,8.918703
1540258569,0.34947145,3.1643922,8.698488
1540258569,2.0824668,2.3984275,8.813383
1540258569,1.5079932,1.5845897,8.545295
1540258569,0.0718092,0.40691882,8.248484
1540258569,-0.5218136,-1.3739494,8.34423
1540258570,-2.5037475,-2.34098,6.898471
1540258570,-1.1633091,-0.2920241,8.401677
1540258570,-3.1548176,-1.2877784,9.033598
1540258570,-5.1654754,-2.5994933,11.551707
1540258570,-5.376116,-2.0441687,12.69108
1540258570,-3.2505634,1.5079932,13.083637
1540258570,-0.2920241,0.19627848,11.417664
1540258570,2.7909844,-0.3877697,10.06765
1540258570,-3.126094,-0.9718179,7.7314577
1540258570,-5.155901,1.469695,6.975067
1540258570,1.4888442,2.321831,9.129343
1540258570,2.819708,2.1973617,9.215514
1540258570,-1.2494801,3.193116,8.133589
1540258570,0.71330476,2.427151,8.363379
1540258570,1.9867213,1.1345854,9.349558
1540258570,-0.61755913,1.8431029,8.2676325
1540258570,-0.0718092,1.1345854,8.755936
1540258570,0.70373017,0.64628285,8.688913
1540258570,-0.512239,-1.5845897,7.8846507
1540258570,-0.4164934,-0.6750065,9.502751
1540258570,-2.6377914,-1.6707608,9.320834
1540258570,-4.6771727,-2.1590633,10.82404
1540258570,-5.529309,-2.1973617,12.365545
1540258570,-4.8973875,0.2154276,13.198531
1540258570,-2.6090677,0.043085523,12.269799
1540258570,-0.8090504,-2.2260852,9.75169
1540258570,-1.4505459,-2.360129,9.847435
1540258570,-6.936769,-1.0101161,6.4963393
1540258570,-1.9196993,2.9441774,8.085716
1540258570,3.3750327,5.1367517,9.96233
1540258570,0.36862057,3.9782298,8.487848
1540258570,0.512239,3.6622694,7.9708214
1540258570,2.4463003,2.2452345,7.855927
1540258570,0.6558574,2.1399143,7.310177
1540258570,0.05266008,1.5558661,7.5303917
1540258570,1.1250108,0.2154276,9.684668
1540258570,-0.8856468,-1.6133134,9.924032
1540258570,-2.0633178,-0.77075213,10.555953
1540258570,-2.9154537,-0.33032233,9.464453
1540258570,-4.96441,-2.187787,8.34423
1540258570,-4.456958,-2.2931073,9.158067
1540258570,-2.8292825,-1.5271424,10.642124
1540258570,-0.37819514,1.6611862,11.446387
1540258570,0.78990126,0.4164934,10.431483
1540258570,1.14416,-1.7569319,9.41658
1540258570,-1.3739494,-2.9441774,8.439975
1540258570,-4.5622783,2.015445,7.9420977
1540258570,-0.71330476,1.5941644,9.722966
1540258570,2.8484318,0.26330042,9.617646
1540258570,-0.7324539,0.110107444,8.2676325
1540258570,-2.0824668,1.862252,9.033598
1540258570,-0.22500217,1.622888,10.565528
1540258570,-1.6037389,1.5367169,10.728295
1540258570,-2.5420458,1.0579889,10.699572
1540258570,-1.5175679,1.0675635,11.082554
1540258570,-1.9005502,-0.00478728,9.119769
1540258570,-0.7228793,-0.4356425,9.0814705
1540258570,-1.6611862,-0.4356425,7.5782647
1540258570,-2.187787,-1.9962958,8.2676325
1540258570,-2.1111906,-1.1345854,9.148493
1540258570,-2.1303396,-1.7569319,9.904882
1540258570,-0.63670826,-1.8335283,10.230418
1540258570,1.3643749,-0.5792609,10.594251
1540258571,1.7665064,-1.5941644,10.06765
1540258571,-0.76117754,-0.8760723,9.043172
1540258571,-3.126094,1.0675635,7.7506065
1540258571,-1.1058618,0.42606795,8.085716
1540258571,2.254809,0.9718179,9.244238
1540258571,0.05266008,-0.16755481,7.8655014
1540258571,-1.1154363,2.2835326,8.372953
1540258571,-0.16755481,2.475024,10.010203
1540258571,-1.1345854,0.512239,10.383611
1540258571,-2.3792782,0.11968201,9.062322
1540258571,-1.0005416,0.42606795,9.761265
1540258571,-1.0005416,-0.3111732,8.966576
1540258571,-1.0867126,-1.3930986,9.052747
1540258571,-1.4505459,-0.17712937,9.464453
1540258571,-3.3271596,-2.1973617,9.091045
1540258571,-3.346309,-2.800559,9.560199
1540258571,-2.9824755,-1.6516117,10.239992
1540258571,-1.6516117,-1.0388398,10.833615
1540258571,0.49308985,-0.4164934,11.350641
1540258571,0.99096704,-1.383524,10.460207
1540258571,0.20585304,-1.1345854,9.54105
1540258571,-3.6526947,1.0675635,7.702734
1540258571,-0.90479594,2.1782124,8.430401
1540258571,2.6569405,0.043085523,9.014449
1540258571,-0.16755481,0.3398969,8.191036
1540258571,-1.469695,1.5271424,9.426155
1540258571,-1.1345854,1.4313968,10.115523
1540258571,-0.9622433,-0.15798025,11.05383
1540258571,-3.1452432,1.0101161,9.665519
1540258571,-2.2165108,0.98139244,10.29744
1540258571,-1.1537346,-0.11968201,9.85701
1540258571,-1.0867126,-1.3643749,8.6697645
1540258571,-1.8143792,-0.7994758,8.430401
1540258571,-1.622888,-0.5792609,8.698488
1540258571,-2.6282167,-1.8239537,9.004874
1540258571,-3.1643922,-1.5462915,9.98148
1540258571,-2.7048132,-1.8143792,10.642124
1540258571,-0.512239,-0.22500217,11.092129
1540258571,1.6037389,0.081383765,10.316589
1540258571,2.101616,-1.2590547,9.196365
1540258571,-2.0920415,-1.8048047,7.6835847
1540258571,-4.284616,1.4122477,7.2718787
1540258571,0.4356425,1.3930986,8.851681
1540258571,1.5271424,-0.2154276,8.928278
1540258571,-2.2452345,1.6803354,9.177217
1540258571,-1.4888442,1.5079932,9.531475
1540258571,-0.19627848,0.665432,10.40276
1540258571,-2.5420458,1.1633091,9.435729
1540258571,-2.4558747,0.4835153,9.85701
1540258571,-1.4792696,-0.56968635,11.235746
1540258571,-2.88673,-1.6133134,8.746361
1540258571,-2.6282167,-1.9867213,7.8367777
1540258571,-1.7569319,-1.3643749,7.9803963
1540258571,-2.6952388,-1.7856555,9.138918
1540258571,-3.518651,-1.469695,9.761265
1540258571,-2.6569405,-2.2356598,9.684668
1540258571,0.34947145,-0.22500217,10.661273
1540258571,1.3930986,-0.77075213,10.316589
1540258571,1.7377827,-0.91437054,9.301685
1540258571,-1.8143792,-1.0196906,8.631466
1540258571,-3.4229054,1.9675722,8.124015
1540258571,1.2016073,1.1728836,8.727212
1540258571,0.6271337,-0.15798025,7.808054
1540258572,-1.9867213,0.91437054,8.44955
1540258572,-1.4984187,1.7473572,9.770839
1540258572,-2.3122563,1.2590547,11.28362
1540258572,-3.8154624,0.8090504,10.488931
1540258572,-2.2739582,0.16755481,10.871913
1540258572,-1.5941644,-0.77075213,9.904882
1540258572,-1.7377827,-1.2782038,8.631466
1540258572,-0.6750065,-0.6845811,8.727212
1540258572,-2.168638,-2.0441687,8.918703
1540258572,-3.3080106,-1.2877784,8.813383
1540258572,-2.733537,-1.3165021,8.928278
1540258572,-0.7420284,-1.622888,10.766593
1540258572,0.46436617,-0.8186249,11.072979
1540258572,0.4356425,-1.4888442,10.220843
1540258572,-0.10053288,-0.70373017,9.129343
1540258572,-2.2356598,-0.2441513,7.8176284
1540258572,-2.2643836,0.8090504,7.894225
1540258572,0.10053288,-0.46436617,8.277207
1540258572,0.42606795,0.2154276,9.043172
1540258572,-1.9771467,1.469695,8.957002
1540258572,-1.6133134,1.8048047,9.885734
1540258572,-0.83777404,1.1250108,10.431483
1540258572,-2.8771553,0.6558574,10.354887
1540258572,-3.3750327,0.00478728,9.608071
1540258572,-1.5079932,-0.36862057,10.038927
1540258572,-1.5654407,-0.56968635,9.339984
1540258572,-1.9388485,-1.6899099,8.602742
1540258572,-1.3165021,-1.0484143,8.593168
1540258572,-2.427151,-1.7856555,8.794233
1540258572,-3.9686553,-1.2207564,8.210186
1540258572,-3.5856729,-1.0962871,9.5889225
1540258572,2.6186423,-1.5462915,10.967659
1540258572,2.4845984,-0.9622433,10.488931
1540258572,0.05266008,-0.081383765,10.134672
1540258572,-2.3792782,-1.2207564,8.880404
1540258572,-4.342063,-0.30159867,7.7123084
1540258572,-0.18670394,-0.11968201,9.253813
1540258572,1.4601204,0.16755481,9.129343
1540258572,0.10053288,-0.20585304,8.880404
1540258572,-2.666515,2.034594,8.5740185
1540258572,-1.4601204,1.1633091,9.225089
1540258572,-1.0771381,0.56011176,10.5080805
1540258572,-4.2175937,0.6558574,10.153821
1540258572,-4.1601467,0.062234644,9.617646
1540258572,-1.6420372,-0.32074776,10.153821
1540258572,-1.5558661,-0.6750065,9.234664
1540258572,-1.6707608,-1.4792696,8.803808
1540258572,-0.7994758,-0.5313881,9.18679
1540258572,-1.948423,-1.5271424,8.842107
1540258572,-2.1399143,-1.2303311,8.727212
1540258572,-2.1973617,-1.2782038,9.138918
1540258572,-0.69415563,-0.5313881,10.555953
1540258572,1.3930986,-0.3398969,11.092129
1540258572,1.0101161,-1.3739494,10.172971
1540258572,-0.7994758,-0.0718092,9.780414
1540258572,-4.543129,0.7420284,7.702734
1540258572,-0.8090504,0.16755481,8.459125
1540258572,2.034594,0.11968201,8.7750845
1540258572,-0.665432,1.0579889,8.11444
1540258572,-2.1303396,1.4313968,8.7750845
1540258572,-0.8760723,0.98139244,9.512326
1540258572,-2.3505547,0.32074776,10.938935
1540258573,-3.8058877,-0.20585304,9.924032
1540258573,-1.8814012,-0.09095833,10.709146
1540258573,-1.4792696,0.4356425,9.924032
1540258573,-1.622888,-1.3165021,8.497422
1540258573,-0.93351966,-0.6845811,8.133589
1540258573,-2.0633178,-1.8239537,8.564445
1540258573,-2.9824755,-1.3165021,8.947427
1540258573,-2.475024,-1.14416,9.617646
1540258573,-0.40691882,-0.6079846,11.063405
1540258573,1.2590547,-0.062234644,10.728295
1540258573,0.8473486,-1.5462915,9.684668
1540258573,0.36862057,-1.5558661,9.483603
1540258573,-3.604822,-0.14840569,7.4154973
1540258573,-2.2452345,0.7324539,8.277207
1540258573,0.8186249,0.50266445,9.244238
1540258573,-1.862252,0.93351966,8.602742
1540258573,-1.8909757,1.5845897,9.2825365
1540258573,-0.8952214,1.0292653,10.038927
1540258573,-2.9441774,0.40691882,10.661273
1540258573,-3.8154624,0.2154276,9.569773
1540258573,-1.9388485,-0.5505372,9.809137
1540258573,-1.3643749,0.12925656,9.655944
1540258573,-1.8239537,-1.1633091,8.966576
1540258573,-0.7994758,-0.33032233,10.125097
1540258573,-1.4984187,-0.8090504,9.378282
1540258573,-2.4463003,-1.7186337,8.985725
1540258573,-2.2643836,-0.7228793,9.569773
1540258573,-1.7282082,-0.71330476,9.866585
1540258573,-0.34947145,0.18670394,10.565528
1540258573,1.4888442,-0.03351096,10.5080805
1540258573,1.0292653,-1.2973529,9.54105
1540258573,-0.85692316,-1.0484143,8.755936
1540258573,-3.4707782,1.2782038,7.741032
1540258573,-0.8473486,0.081383765,8.688913
1540258573,1.0675635,0.16755481,9.110194
1540258573,-0.4356425,0.5313881,8.545295
1540258573,-1.7856555,2.2165108,8.545295
1540258573,-1.0005416,1.4122477,9.722966
1540258573,-2.647366,0.10053288,10.833615
1540258573,-3.911208,-0.043085523,9.6942425
1540258573,-1.8143792,-0.27287498,10.029352
1540258573,-1.3548003,0.45479164,9.339984
1540258573,-1.5654407,-1.3165021,8.688913
1540258573,-0.7324539,-0.5888355,9.024023
1540258573,-1.9867213,-1.2207564,8.401677
1540258573,-2.1399143,-1.2303311,9.024023
1540258573,-1.8909757,-0.7228793,9.0814705
1540258573,-1.1154363,-0.63670826,9.359133
1540258573,1.1824582,0.44521707,9.780414
1540258573,2.0441687,-0.59841,9.579348
1540258573,0.8856468,-0.90479594,9.272962
1540258573,-2.0441687,-0.25372586,8.909128
1540258573,-3.825037,0.19627848,8.746361
1540258573,-0.8760723,-0.50266445,9.665519
1540258573,0.19627848,0.17712937,9.876159
1540258573,-1.0292653,1.4218222,9.924032
1540258573,-2.4367256,1.7377827,9.713391
1540258573,-3.1643922,0.512239,10.326163
1540258573,-3.0303483,-0.28244954,9.780414
1540258573,-2.2452345,0.4164934,10.000628
1540258573,-2.1111906,0.12925656,9.62722
1540258573,-0.6079846,-1.3260766,9.339984
1540258573,-0.78032666,-0.8856468,8.717637
1540258574,-1.8718265,-1.3260766,8.602742
1540258574,-2.0441687,-1.0675635,8.679339
1540258574,-1.8239537,-1.383524,9.062322
1540258574,-0.59841,-1.1920328,10.335738
1540258574,0.5792609,-0.8090504,10.431483
1540258574,1.4218222,-0.2154276,10.441058
1540258574,-1.1633091,-1.2973529,8.937852
1540258574,-2.2069361,-1.0005416,8.315506
1540258574,-1.9196993,-0.2920241,8.056993
1540258574,-0.33032233,-0.34947145,8.822957
1540258574,-0.37819514,0.8090504,9.052747
1540258574,0.7324539,0.92394507,9.148493
1540258574,-1.3452257,1.0101161,8.727212
1540258574,-3.2984362,0.13883112,10.0868
1540258574,-3.2218397,-0.17712937,10.670848
1540258574,-2.4175766,-0.5218136,9.8953085
1540258574,-2.0537431,-0.2154276,9.464453
1540258574,-1.6611862,-1.6037389,9.033598
1540258574,-0.42606795,-1.5079932,9.62722
1540258574,-1.1537346,0.18670394,9.54105
1540258574,-1.776081,-0.56011176,9.54105
1540258574,-1.7665064,-1.5271424,9.234664
1540258574,-1.4505459,-2.561195,9.2825365
1540258574,-0.00478728,-1.2399056,9.924032
1540258574,1.5558661,-0.25372586,10.335738
1540258574,1.1824582,-1.0579889,9.914457
1540258574,-1.0962871,-0.665432,8.621892
1540258574,-3.2409887,-0.99096704,7.741032
1540258574,-2.149489,0.081383765,8.439975
1540258574,1.4313968,0.062234644,9.20594
1540258574,1.4601204,0.85692316,9.043172
1540258574,-2.1399143,1.5175679,8.755936
1540258574,-2.2260852,-0.359046,9.991054
1540258574,-1.3165021,-0.8952214,8.909128
1540258574,0.014361841,-1.0005416,9.732541
1540258574,-1.3069274,-0.30159867,8.305931
1540258574,-1.4984187,0.47394073,9.75169
1540258574,-1.5271424,-0.16755481,10.335738
1540258574,-2.0058703,-1.0771381,8.650616
1540258575,0.44521707,-1.0005416,9.971905
1540258575,-1.0962871,-0.062234644,8.401677
1540258575,-2.4558747,0.18670394,10.19212
1540258575,-1.0579889,-0.26330042,9.904882
1540258575,-0.8186249,-1.1633091,8.832532
1540258575,-0.8760723,-0.8090504,8.966576
1540258575,-1.0005416,0.78032666,9.407005
1540258575,-2.3026817,-0.18670394,10.393186
1540258575,-1.1824582,-0.8090504,8.851681
1540258575,0.49308985,-0.92394507,9.225089
1540258575,-1.4313968,-0.5218136,9.024023
1540258575,-1.9101248,0.6845811,10.230418
1540258575,-0.45479164,-0.70373017,9.320834
1540258575,-0.83777404,-1.0292653,9.129343
1540258575,-0.4835153,-0.8090504,9.014449
1540258575,-1.1920328,0.34947145,9.330409
1540258576,-2.2835326,0.14840569,10.354887
1540258576,-0.46436617,-0.78990126,9.119769
1540258576,-0.12925656,-0.6558574,10.038927
1540258576,-1.0484143,-0.64628285,8.258059
1540258576,-1.9196993,1.0005416,9.732541
1540258576,-1.622888,-0.6271337,9.866585
1540258576,-0.69415563,-1.3165021,8.593168
1540258576,-0.665432,-0.9718179,9.215514
1540258576,-0.42606795,0.6750065,9.2825365
1540258576,-2.2739582,-0.110107444,10.335738
1540258576,-0.39734426,-0.3398969,9.560199
1540258576,-0.03351096,-0.4164934,9.560199
1540258576,-1.6420372,-0.6558574,8.315506
1540258576,-1.4984187,0.023936402,9.636795
1540258576,-1.2686293,0.11968201,10.038927
1540258576,-1.0771381,-0.6750065,9.29211
1540258577,-0.062234644,-1.0675635,9.177217
1540258577,-0.751603,0.36862057,8.947427
1540258577,-2.0441687,0.16755481,10.565528
1540258577,-0.18670394,-0.59841,8.822957
1540258577,1.0771381,-0.33032233,9.493176
1540258577,-1.3739494,-0.6845811,8.889979
1540258577,-1.8143792,1.0005416,9.665519
1540258577,-1.2303311,-0.23457673,9.847435
1540258577,-1.2590547,-1.2877784,9.033598
1540258577,0.14840569,-1.0005416,9.684668
1540258577,-0.5218136,0.85692316,9.033598
1540258577,-2.0441687,-0.18670394,10.670848
1540258577,-0.78990126,-0.39734426,8.851681
1540258577,0.42606795,-0.6079846,9.617646
1540258577,-1.2303311,-1.1824582,8.5740185
1540258577,-1.0867126,1.2207564,9.320834
1540258578,-1.7473572,-0.5313881,10.115523
1540258578,-0.8090504,-1.3069274,8.516571
1540258578,1.2877784,-1.383524,9.426155
1540258578,-1.7377827,0.2441513,9.799562
1540258578,-2.5228968,0.751603,10.058076
1540258578,-0.6750065,-1.3739494,9.512326
1540258578,-0.63670826,-1.7282082,8.995299
1540258578,-0.37819514,-0.9430942,8.947427
1540258578,-0.5313881,0.50266445,9.5219
1540258578,-2.2739582,0.110107444,10.077225
1540258578,-1.5558661,-1.2303311,8.851681
1540258578,0.61755913,-1.0292653,9.608071
1540258578,-1.3643749,0.110107444,8.995299
1540258578,-2.101616,0.23457673,10.0868
1540258578,-1.0675635,-0.77075213,9.675094
1540258579,-1.3069274,-1.6611862,9.5219
1540258579,-0.15798025,-1.0101161,8.401677
1540258579,-1.0771381,0.93351966,9.091045
1540258579,-2.6186423,-0.70373017,10.287866
1540258579,-0.92394507,-0.9622433,8.851681
1540258579,-0.03351096,-0.91437054,9.349558
1540258579,-1.5462915,-0.8186249,9.225089
1540258579,-1.9771467,0.45479164,10.115523
1540258579,-1.4888442,-0.33032233,9.952756
1540258579,-0.78032666,-1.2399056,8.277207
1540258579,-0.85692316,-0.63670826,9.062322
1540258579,-1.5654407,0.50266445,9.665519
1540258579,-2.6090677,-0.30159867,9.54105
1540258579,-0.8664977,-0.98139244,9.64637
1540258579,0.043085523,-1.1633091,9.320834
1540258579,-1.383524,-1.2590547,9.0814705
1540258580,-1.3739494,0.20585304,9.608071
1540258580,-2.015445,-0.13883112,9.933606
1540258580,-0.61755913,-1.709059,8.439975
1540258580,1.6994845,-0.32074776,9.761265
1540258580,-2.752686,-0.36862057,9.071896
1540258580,-2.2260852,-0.37819514,10.249567
1540258580,-1.0388398,-1.1824582,8.928278
1540258580,0.3111732,-1.3452257,8.736787
1540258580,-1.2973529,-1.4409714,8.957002
1540258580,-1.4601204,-0.2441513,10.211268
1540258580,-1.3356512,0.32074776,10.278291
1540258580,-1.5558661,-2.3697038,7.3867736
1540258580,1.2877784,-1.1058618,10.603826
1540258580,-2.1399143,-1.4122477,8.028269
1540258580,-1.8431029,0.3111732,9.454879
1540258580,-2.101616,-0.8186249,10.077225
1540258581,-0.63670826,-1.6133134,8.928278
1540258581,0.4835153,-1.1824582,9.770839
1540258581,-1.2973529,0.10053288,9.407005
1540258581,-2.408002,-0.09095833,10.06765
1540258581,-0.665432,-1.4984187,9.110194
1540258581,-0.9622433,-1.1250108,8.9761505
1540258581,-0.33032233,-1.2016073,9.263388
1540258581,-1.0484143,0.39734426,9.407005
1540258581,-2.5516202,0.2441513,10.364462
1540258581,-0.77075213,-1.6707608,8.784659
1540258581,0.20585304,-0.64628285,9.531475
1540258581,-0.99096704,-0.9430942,8.641041
1540258581,-2.2356598,0.56968635,9.253813
1540258581,-1.9005502,-0.9430942,10.029352
1540258581,-0.8856468,-1.4601204,9.29211
1540258581,0.665432,-0.9622433,9.866585
1540258582,-0.7324539,0.18670394,8.497422
1540258582,-2.800559,0.014361841,10.115523
1540258582,-1.0962871,-1.4409714,9.244238
1540258582,-0.54096264,-1.0579889,8.842107
1540258582,-0.90479594,-1.1154363,8.650616
1540258582,-2.015445,0.6079846,9.722966
1540258582,-2.666515,0.17712937,10.421909
1540258582,-1.2303311,-1.5654407,8.909128
1540258582,0.8473486,-1.1728836,9.943181
1540258582,-1.4313968,-0.40691882,8.966576
1540258582,-2.5420458,0.3398969,10.115523
1540258582,-1.6037389,-1.2207564,8.506997
1540258582,-0.6845811,-1.6133134,8.650616
1540258582,-0.47394073,-0.9430942,9.54105
1540258582,-1.5750152,0.78032666,9.368708
1540258583,-2.7814097,0.37819514,10.94851
1540258583,-1.2399056,-1.5271424,8.363379
1540258583,-0.10053288,-0.91437054,9.445304
1540258583,-1.4122477,-1.0292653,9.004874
1540258583,-1.6324625,1.14416,9.531475
1540258583,-2.4175766,-0.59841,9.713391
1540258583,-1.5845897,-1.7569319,8.34423
1540258583,0.5792609,-1.1920328,9.914457
1540258583,-1.4409714,0.46436617,8.842107
1540258583,-3.0111992,0.28244954,10.546378
1540258583,-1.14416,-1.4313968,8.593168
1540258583,-0.6845811,-1.3643749,9.636795
1540258583,-0.56011176,-1.0005416,9.301685
1540258583,-1.1633091,1.1633091,8.995299
1540258583,-2.88673,-0.54096264,10.182545
1540258583,-1.2207564,-1.5175679,8.124015
1540258584,0.40691882,-0.90479594,9.665519
1540258584,-1.1345854,-0.8090504,8.957002
1540258584,-2.7431116,0.8090504,10.335738
1540258584,-1.4505459,-0.71330476,9.5889225
1540258584,-0.7994758,-1.6037389,8.803808
1540258584,-0.8090504,-1.4026731,9.454879
1540258584,-1.1154363,0.8664977,9.339984
1540258584,-2.9250283,-0.19627848,10.335738
1540258584,-1.0196906,-1.2207564,8.4686985
1540258584,0.023936402,-0.90479594,9.608071
1540258584,-1.6899099,-1.3548003,8.727212
1540258584,-1.0771381,0.56968635,9.722966
1540258584,-1.9675722,-0.11968201,10.134672
1540258584,-0.9718179,-1.14416,8.44955
1540258584,-0.665432,-1.0484143,9.177217
1540258584,-1.14416,-0.9622433,8.688913
1540258585,-1.8431029,-0.05266008,10.153821
1540258585,-1.4888442,-0.32074776,9.407005
1540258585,-1.4026731,-1.4792696,9.071896
1540258585,0.28244954,-1.4505459,10.144247
1540258585,-0.9430942,0.42606795,9.052747
1540258585,-2.2643836,-0.062234644,9.914457
1540258585,-1.2111819,-1.3069274,8.889979
1540258585,1.5941644,-1.6324625,9.847435
1540258585,-2.3888528,-1.1345854,8.688913
1540258585,-1.1824582,0.71330476,8.985725
1540258585,-2.2356598,-0.26330042,10.259142
1540258585,-0.6558574,-1.2399056,8.5740185
1540258585,-0.16755481,-1.0292653,9.636795
1540258585,-1.2782038,-0.61755913,9.129343
1540258585,-2.0537431,0.5218136,10.220843
1540258585,-1.1250108,-1.1345854,9.062322
1540258586,-1.8335283,-1.0867126,9.024023
1540258586,-0.18670394,-1.4218222,9.675094
1540258586,-1.4601204,0.5792609,8.995299
1540258586,-2.4654493,-0.15798025,10.153821
1540258586,-0.56968635,-1.2877784,8.842107
1540258586,-1.0675635,-1.2399056,9.780414
1540258586,-0.85692316,-0.93351966,8.583593
1540258586,-1.709059,0.42606795,9.512326
1540258586,-1.7473572,-0.3398969,9.809137
1540258586,-1.469695,-1.4505459,8.966576
1540258586,-0.90479594,-1.4409714,10.029352
1540258586,-0.33032233,-0.5505372,8.822957
1540258586,-2.0537431,0.71330476,9.091045
1540258586,-1.4601204,-0.8952214,9.6942425
1540258586,-1.3739494,-1.2303311,8.947427
1540258587,-0.110107444,-0.8664977,9.665519
1540258587,-1.1537346,0.12925656,8.832532
1540258587,-2.3888528,-0.30159867,10.239992
1540258587,-1.4218222,-1.5750152,9.244238
1540258587,-0.8664977,-0.78032666,8.621892
1540258587,-0.5218136,-0.98139244,9.18679
1540258587,-2.5324712,0.2154276,10.115523
1540258587,-2.1207652,-0.69415563,10.326163
1540258587,-1.0867126,-1.4601204,8.631466
1540258587,0.19627848,-1.1824582,9.138918
1540258587,-1.4026731,0.23457673,8.909128
1540258587,-2.9250283,0.20585304,10.06765
1540258587,-1.2303311,-2.0250196,9.167642
1540258587,-1.5175679,-1.4218222,8.937852
1540258587,-0.39734426,-1.0101161,9.464453
1540258587,-1.4792696,1.3548003,9.3878565
1540258588,-2.2643836,-0.59841,9.5889225
1540258588,-1.5558661,-1.5845897,8.133589
1540258588,0.0,-0.59841,10.757019
1540258588,-0.6271337,0.40691882,9.138918
1540258588,-2.9154537,-0.043085523,9.636795
1540258588,-0.8090504,-0.9526688,9.253813
1540258588,-1.3452257,-1.2877784,8.880404
1540258588,-2.0824668,-1.6420372,9.158067
1540258588,-0.6750065,0.46436617,9.301685
1540258588,-2.2739582,-1.1058618,9.799562
1540258588,-1.5654407,-1.4313968,8.851681
1540258588,-0.3877697,-1.4409714,9.684668
1540258588,-1.3930986,-1.1058618,9.100619
1540258588,-2.3888528,0.00478728,9.493176
1540258588,-1.4601204,-0.8952214,9.378282
1540258588,-1.5750152,-1.5941644,9.004874
1540258589,-0.6750065,-1.2973529,9.3878565
1540258589,-1.1250108,-0.4835153,9.215514
1540258589,-1.5941644,-0.23457673,10.096374
1540258589,-1.4218222,-1.2590547,8.765511
1540258589,-2.187787,-1.1728836,8.957002
1540258589,-0.39734426,-1.1920328,9.3878565
1540258589,-1.7665064,0.22500217,9.234664
1540258589,-2.1782124,-0.5888355,10.460207
1540258589,-1.1920328,-1.5654407,8.727212
1540258589,-0.8090504,-0.56011176,8.794233
1540258589,-2.254809,0.3398969,9.62722
1540258589,-1.8526775,-0.8281995,9.655944
1540258589,-1.4218222,-1.0675635,8.679339
1540258589,-0.6271337,-1.2207564,9.809137
1540258589,-1.2494801,-0.023936402,8.803808
1540258590,-2.5707695,-0.32074776,10.105948
1540258590,-0.90479594,-0.90479594,8.650616
1540258590,-1.1345854,-0.69415563,9.713391
1540258590,-1.776081,-0.8664977,9.64637
1540258590,-1.776081,0.5888355,9.234664
1540258590,-2.3888528,-0.5888355,9.7899885
1540258590,-1.1824582,-1.2973529,8.420826
1540258590,-1.14416,-0.665432,8.755936
1540258590,-2.4463003,0.78032666,9.54105
1540258590,-1.6994845,-1.4026731,9.071896
1540258590,-0.7324539,-0.28244954,9.330409
1540258590,-1.6707608,-0.70373017,9.263388
1540258590,-1.79523,0.3398969,9.454879
1540258590,-1.929274,-0.69415563,9.96233
1540258591,-1.5462915,-0.7228793,8.593168
1540258591,0.5313881,-0.4356425,9.244238
1540258591,-1.9675722,0.19627848,9.617646
1540258591,-2.2835326,0.359046,10.077225
1540258591,-1.3356512,-0.78990126,9.225089
1540258591,-1.4218222,-0.99096704,8.708063
1540258591,-0.5218136,-1.1920328,9.617646
1540258591,-0.99096704,0.359046,8.353804
1540258591,-3.3750327,-0.30159867,10.172971
1540258591,-1.0867126,-0.76117754,9.6942425
1540258591,-0.36862057,0.0718092,9.368708
1540258591,-2.0441687,-1.0196906,8.66019
1540258591,-2.7239625,0.56968635,9.18679
1540258591,-2.4367256,-0.26330042,10.316589
1540258591,-1.3643749,-0.9430942,8.583593
1540258591,0.0,-0.25372586,9.454879
1540258592,-1.5271424,-0.37819514,8.353804
1540258592,-3.5282254,0.23457673,9.809137
1540258592,-1.9101248,-0.6271337,10.19212
1540258592,-0.9622433,-1.0101161,8.822957
1540258592,-0.85692316,-0.70373017,8.736787
1540258592,-1.9962958,0.99096704,8.305931
1540258592,-4.0356774,-0.16755481,10.910212
1540258592,-1.5079932,-1.3356512,9.071896
1540258592,1.1920328,0.03351096,9.158067
1540258592,-1.7377827,0.17712937,7.9899707
1540258592,-3.9878044,0.78032666,9.320834
1540258592,-2.2356598,-2.1303396,9.866585
1540258592,-0.2441513,0.110107444,9.512326
1540258592,-3.1643922,-0.6558574,8.736787
1540258592,-2.8101335,-0.22500217,8.947427
1540258592,-2.360129,-0.78990126,10.287866
1540258593,-0.5505372,-0.8664977,8.889979
1540258593,-0.7420284,-0.46436617,8.497422
1540258593,-1.9388485,0.93351966,8.851681
1540258593,-4.3707867,-0.6750065,9.272962
1540258593,-2.168638,-1.5845897,9.426155
1540258593,2.2931073,-0.110107444,9.847435
1540258593,-3.8346114,-1.6420372,8.104865
1540258593,-4.1026993,0.37819514,8.9761505
1540258593,-2.1111906,-0.2920241,10.670848
1540258593,-0.8952214,-1.8335283,8.736787
1540258593,0.70373017,-0.665432,9.158067
1540258593,-2.2452345,0.30159867,7.8655014
1540258593,-4.0069537,-0.33032233,10.172971
1540258593,-0.8281995,-1.2111819,9.263388
1540258593,-0.27287498,-0.5218136,9.407005
1540258593,-2.0441687,-1.3930986,9.129343
1540258594,-3.4707782,0.665432,9.253813
1540258594,-2.4463003,-0.7324539,10.0868
1540258594,-0.78032666,-1.2016073,8.851681
1540258594,-1.7569319,0.13883112,8.11444
1540258594,-3.6335456,-0.56968635,10.441058
1540258594,-1.2494801,-1.3739494,9.167642
1540258594,0.2441513,-0.25372586,9.818711
1540258594,-1.9196993,-0.9526688,8.23891
1540258594,-3.1165195,0.12925656,9.474028
1540258594,-1.8143792,-1.0196906,9.809137
1540258594,-0.93351966,-0.99096704,9.502751
1540258594,-0.2920241,-0.8760723,9.675094
1540258594,-1.5271424,0.12925656,8.018694
1540258594,-2.4463003,-0.2920241,10.594251
1540258595,-2.2356598,-1.6037389,8.459125
1540258595,-1.2207564,-1.1345854,10.010203
1540258595,0.8760723,-0.4164934,8.612317
1540258595,-2.6282167,0.6079846,9.100619
1540258595,-2.015445,-0.76117754,10.220843
1540258595,-1.1537346,-1.5367169,8.535721
1540258595,0.09095833,-0.22500217,10.105948
1540258595,-1.3643749,-0.36862057,8.506997
1540258595,-2.2643836,0.13883112,10.000628
1540258595,-0.64628285,-1.6611862,9.225089
1540258595,-1.5367169,-0.23457673,9.493176
1540258595,-0.56011176,-0.92394507,9.703817
1540258595,-1.4409714,-0.359046,8.133589
1540258595,-3.518651,-0.54096264,9.761265
1540258595,-1.2207564,-0.37819514,10.594251
1540258595,-0.9622433,-0.91437054,8.679339
1540258596,-0.56968635,-0.8186249,9.349558
1540258596,-2.034594,0.70373017,8.258059
1540258596,-2.0728924,-0.56011176,11.063405
1540258596,-0.49308985,-0.512239,9.885734
1540258596,-1.6994845,0.13883112,8.181462
1540258596,-2.7718353,0.32074776,10.441058
1540258596,-0.56011176,-2.513322,8.995299
1540258596,-1.2494801,0.19627848,9.847435
1540258596,-0.63670826,-0.7228793,9.20594
1540258596,-2.867581,0.7994758,9.493176
1540258596,-1.5750152,-1.4505459,9.263388
1540258596,-1.2303311,-0.34947145,8.899554
1540258596,-0.19627848,-0.71330476,9.655944
1540258596,-1.4026731,0.91437054,8.641041
1540258596,-3.499502,-0.28244954,9.991054
1540258597,-0.7324539,-0.7420284,9.014449
1540258597,-0.39734426,-0.14840569,10.220843
1540258597,-1.5462915,-0.6079846,8.679339
1540258597,-3.0111992,0.6558574,8.6697645
1540258597,-1.6707608,-0.45479164,9.98148
1540258597,-1.0484143,-0.6750065,9.004874
1540258597,-0.34947145,-0.512239,10.048501
1540258597,-1.1345854,-0.18670394,8.056993
1540258597,-3.6431203,0.42606795,10.383611
1540258597,-0.78032666,-0.6750065,9.129343
1540258597,-0.6079846,-0.36862057,9.5889225
1540258597,-0.77075213,-0.78032666,8.736787
1540258597,-3.2505634,1.0962871,8.794233
1540258597,-2.321831,-0.665432,10.354887
1540258597,-0.9430942,-0.59841,8.870831
1540258597,-0.4356425,-0.26330042,9.85701
1540258598,-1.4888442,0.13883112,8.028269
1540258598,-3.6814184,-0.11968201,10.354887
1540258598,-0.56968635,-0.6079846,9.579348
1540258598,-0.8856468,-0.49308985,9.598496
1540258598,-0.78032666,-1.0101161,8.899554
1540258598,-2.5707695,0.26330042,8.133589
1540258598,-2.0728924,-0.22500217,10.105948
1540258598,-0.49308985,-0.63670826,9.339984
1540258598,-0.56011176,-0.20585304,10.105948
1540258598,-1.3930986,0.16755481,8.143164
1540258598,-3.078221,-0.18670394,10.5080805
1540258598,-0.77075213,-0.78990126,8.66019
1540258598,-0.90479594,-0.42606795,9.435729
1540258598,-1.4409714,-1.1633091,9.320834
1540258598,-2.2452345,0.83777404,9.091045
1540258599,-1.6324625,-0.10053288,10.488931
1540258599,-1.3548003,-0.9718179,8.296356
1540258599,-0.77075213,-0.20585304,10.096374
1540258599,-0.37819514,-1.0388398,9.20594
1540258599,-2.752686,0.56011176,9.062322
1540258599,-1.1920328,-0.76117754,9.138918
1540258599,-0.5888355,-1.0388398,8.966576
1540258599,-1.0484143,-0.7228793,10.326163
1540258599,-1.3548003,-0.0718092,8.372953
1540258599,-2.752686,-0.023936402,9.98148
1540258599,-1.1728836,-0.93351966,9.129343
1540258599,-0.751603,-0.6558574,9.837861
1540258599,-0.46436617,-1.2303311,9.454879
1540258599,-2.360129,0.8760723,8.411251
1540258599,-2.7431116,-0.7994758,10.527229
1540258599,-0.6845811,-1.0579889,8.305931
1540258600,-0.91437054,-0.3398969,10.345312
1540258600,-0.78990126,-1.383524,8.487848
1540258600,-2.494173,0.61755913,8.497422
1540258600,-1.4888442,-1.0484143,10.19212
1540258600,-1.6803354,-0.98139244,9.20594
1540258600,-0.90479594,-0.9526688,10.345312
1540258600,-1.0867126,0.23457673,7.9516726
1540258600,-3.604822,-0.50266445,10.5080805
1540258600,-0.78990126,-1.0675635,8.918703
1540258600,-1.0292653,-0.18670394,9.483603
1540258600,-1.4984187,-1.2016073,9.684668
1540258600,-1.7377827,0.56011176,7.7506065
1540258600,-2.6090677,-0.512239,9.96233
1540258600,-1.0867126,-1.2399056,9.148493
1540258600,-0.359046,-0.512239,10.06765
1540258600,-1.4505459,-0.8664977,8.832532
1540258601,-2.7622607,0.50266445,9.550624
1540258601,-0.47394073,-1.0484143,9.100619
1540258601,-1.5271424,-0.6079846,9.464453
1540258601,-1.5271424,-1.2686293,9.75169
1540258601,-1.2111819,0.25372586,8.401677
1540258601,-2.321831,-0.70373017,9.569773
1540258601,-1.776081,-1.0101161,9.158067
1540258601,-0.8952214,-0.359046,10.230418
1540258601,-0.50266445,-1.1058618,8.995299
1540258601,-2.0633178,-1.5654407,10.06765
1540258601,-1.5845897,-0.8952214,9.004874
1540258601,-0.4164934,-0.91437054,10.096374
1540258601,-0.8090504,0.46436617,7.9803963
1540258601,-3.4803526,-0.6558574,10.852764
1540258601,-1.1920328,-1.0962871,8.506997
1540258602,0.37819514,-0.16755481,9.167642
1540258602,-2.254809,-1.1824582,9.3878565
1540258602,-1.6994845,0.6558574,9.177217
1540258602,-1.8909757,-0.6079846,9.780414
1540258602,-1.776081,-1.3069274,8.152739
1540258602,-0.19627848,-0.6750065,11.072979
1540258602,-1.9388485,-1.1537346,10.0868
1540258602,-2.5324712,-0.5888355,9.225089
1540258602,-1.1345854,-1.0579889,9.0814705
1540258602,-1.0388398,-0.56968635,10.364462
1540258602,-1.2973529,-1.0962871,9.31126
1540258602,-1.1250108,0.3111732,8.363379
1540258602,-2.5228968,-0.043085523,9.828286
1540258602,-1.4026731,-0.83777404,8.621892
1540258602,-0.70373017,-0.78032666,10.421909
1540258603,-0.98139244,-1.2494801,9.301685
1540258603,-1.8431029,0.665432,8.363379
1540258603,-2.427151,-0.512239,10.307014
1540258603,-0.8664977,-1.1920328,8.526146
1540258603,-1.0292653,-0.91437054,10.058076
1540258603,-1.2111819,-1.2590547,9.54105
1540258603,-1.3356512,1.383524,8.4686985
1540258603,-1.7186337,-0.78990126,10.278291
1540258603,-1.622888,-0.92394507,8.411251
1540258603,-0.47394073,-0.56968635,9.368708
1540258603,-1.9579976,-0.359046,8.985725
1540258603,-2.5228968,-0.12925656,11.216598
1540258603,-0.98139244,-0.8664977,8.32508
1540258603,-0.16755481,-0.49308985,9.971905
1540258603,-1.5271424,-0.8760723,9.004874
1540258604,-2.7622607,0.5218136,9.474028
1540258604,-1.6420372,-0.64628285,9.5889225
1540258604,-0.6271337,-0.6271337,8.478273
1540258604,-0.8281995,-0.9430942,9.96233
1540258604,-1.5845897,0.043085523,8.822957
1540258604,-2.2260852,0.110107444,10.268716
1540258604,-0.8856468,-1.0388398,8.526146
1540258604,-0.8090504,-0.09095833,10.029352
1540258604,-0.751603,-0.6845811,8.478273
1540258604,-2.321831,0.70373017,9.225089
1540258604,-2.0441687,-0.36862057,9.96233
1540258604,-0.9526688,-0.2441513,8.717637
1540258604,-1.5175679,-0.91437054,9.550624
1540258604,-2.2452345,0.22500217,8.928278
1540258604,-1.79523,0.14840569,10.795317
1540258604,-0.6558574,-1.3930986,8.305931
1540258605,-0.9718179,-0.2441513,10.0868
1540258605,-0.4356425,-0.6845811,8.794233
1540258605,-2.647366,0.4835153,9.158067
1540258605,-1.948423,-0.70373017,9.368708
1540258605,-1.2016073,-0.5313881,8.765511
1540258605,-1.0388398,-0.6845811,9.560199
1540258605,-2.101616,0.359046,9.18679
1540258605,-2.4845984,-0.20585304,10.843189
1540258605,-0.78990126,-1.709059,8.392102
1540258605,-1.4601204,0.40691882,10.048501
1540258605,-0.47394073,-0.76117754,8.851681
1540258605,-2.2069361,0.37819514,8.248484
1540258605,-2.475024,-0.28244954,10.92936
1540258605,-0.751603,-1.0196906,8.133589
1540258605,-0.6558574,-0.33032233,10.307014
1540258605,-1.5558661,-0.56968635,8.899554
1540258606,-2.360129,0.27287498,9.85701
1540258606,-0.4356425,-1.1633091,8.602742
1540258606,-0.93351966,-0.062234644,9.493176
1540258606,-1.5271424,-1.3356512,9.579348
1540258606,-2.3697038,0.56968635,8.784659
1540258606,-2.0441687,0.00478728,10.2016945
1540258606,-0.6750065,-1.2016073,8.727212
1540258606,0.25372586,-0.32074776,9.885734
1540258606,-1.7569319,-0.54096264,8.296356
1540258606,-3.5473747,0.25372586,10.766593
1540258606,-0.37819514,-0.61755913,8.487848
1540258606,-0.10053288,-0.9430942,9.177217
1540258606,-2.3697038,-1.0962871,9.129343
1540258606,-2.3888528,0.359046,9.818711
1540258606,-1.3356512,-0.40691882,10.680422
1540258607,-1.0579889,-1.2207564,8.037844
1540258607,0.081383765,-0.4164934,9.598496
1540258607,-1.6133134,-0.10053288,8.621892
1540258607,-1.7856555,-0.09095833,10.287866
1540258607,-0.71330476,-0.8664977,8.593168
1540258607,-1.6803354,-0.6750065,9.20594
1540258607,-0.5218136,-0.93351966,10.163396
1540258607,-1.4505459,0.27287498,8.2676325
1540258607,-2.7718353,-0.36862057,10.699572
1540258607,-0.78032666,-0.8281995,8.765511
1540258607,-0.09095833,-0.05266008,9.445304
1540258607,-1.5271424,-0.5792609,8.880404
1540258607,-2.6282167,-0.18670394,9.608071
1540258607,-0.99096704,-0.71330476,9.742115
1540258607,-1.0101161,-0.50266445,8.966576
1540258607,-0.9718179,-0.71330476,9.742115
1540258608,-2.0633178,0.13883112,9.071896
1540258608,-2.513322,-0.18670394,10.441058
1540258608,-0.22500217,-0.76117754,8.487848
1540258608,-0.359046,-0.023936402,9.464453
1540258608,-1.9388485,-0.83777404,9.617646
1540258608,-1.8239537,0.42606795,9.407005
1540258608,-1.3165021,-0.7324539,8.889979
1540258608,-1.3452257,-0.8856468,8.937852
1540258608,-0.20585304,-0.59841,10.287866
1540258608,-1.2111819,0.56968635,8.727212
1540258608,-3.2409887,0.10053288,9.636795
1540258608,-0.8473486,-1.2686293,9.071896
1540258608,-0.05266008,-0.12925656,10.345312
1540258608,-1.3930986,-0.61755913,8.985725
1540258608,-2.561195,0.3877697,9.119769
1540258608,-1.3165021,-0.70373017,9.483603
1540258609,-0.54096264,-0.26330042,8.937852
1540258609,-1.1824582,-0.61755913,9.5889225
1540258609,-1.6516117,0.18670394,8.966576
1540258609,-2.2452345,-0.18670394,10.000628
1540258609,-0.56011176,-1.0675635,8.612317
1540258609,-0.062234644,-0.23457673,10.029352
1540258609,-1.4122477,-0.5505372,9.091045
1540258609,-2.4845984,0.49308985,9.770839
1540258609,-1.5079932,-0.9526688,9.167642
1540258609,-0.8281995,-0.8281995,9.014449
1540258609,-0.70373017,-1.2111819,9.713391
1540258609,-1.8718265,0.11968201,9.062322
1540258609,-2.1590633,0.12925656,10.335738
1540258609,-0.63670826,-0.9718179,8.497422
1540258609,-0.5313881,-0.26330042,9.5889225
1540258609,-2.1399143,-0.4835153,8.545295
1540258610,-2.1111906,-0.28244954,10.287866
1540258610,-1.5654407,-0.42606795,9.263388
1540258610,-0.98139244,-1.3739494,9.100619
1540258610,1.1633091,-1.2399056,9.713391
1540258610,-2.3984275,0.15798025,8.736787
1540258610,-2.321831,-0.20585304,10.2016945
1540258610,-0.2920241,-1.2590547,8.506997
1540258610,-0.54096264,-0.76117754,9.837861
1540258610,-1.7473572,-0.63670826,9.158067
1540258610,-1.929274,0.2154276,9.684668
1540258610,-1.1728836,-0.77075213,9.339984
1540258610,-1.0579889,-0.4835153,9.253813
1540258610,-0.6271337,-1.0196906,8.889979
1540258610,-2.1207652,0.062234644,9.636795
1540258610,-2.2931073,-0.50266445,9.847435
1540258610,-1.3930986,-1.1633091,8.765511
1540258611,-0.081383765,-1.0196906,9.7899885
1540258611,-1.6037389,0.5218136,8.947427
1540258611,-2.9920502,-0.27287498,10.153821
1540258611,-0.56011176,-1.2590547,8.353804
1540258611,-0.12925656,-0.5888355,9.96233
1540258611,-1.469695,-0.8856468,9.110194
1540258611,-2.4845984,0.76117754,9.330409
1540258611,-2.0058703,-0.5888355,9.41658
1540258611,-1.622888,-1.383524,8.698488
1540258611,-0.11968201,-0.78032666,10.259142
1540258611,-1.3069274,0.15798025,8.957002
1540258611,-2.666515,0.56968635,9.435729
1540258611,-1.9771467,-1.1920328,9.024023
1540258611,-0.46436617,-0.4356425,9.722966
1540258611,-1.383524,-0.6750065,9.64637
1540258612,-2.3697038,0.83777404,9.483603
1540258612,-1.9675722,-0.4356425,9.119769
1540258612,-0.70373017,-1.6037389,8.372953
1540258612,-0.25372586,-0.5218136,10.575102
1540258612,-1.5750152,0.10053288,8.679339
1540258612,-2.9250283,1.0962871,9.3878565
1540258612,-1.1058618,-0.91437054,8.928278
1540258612,-0.4835153,-0.00478728,9.991054
1540258612,-1.0196906,-0.46436617,9.866585
1540258612,-2.34098,0.8856468,7.693159
1540258612,-2.5516202,0.00478728,10.125097
1540258612,-0.71330476,-0.8473486,8.947427
1540258612,-0.19627848,0.15798025,10.2016945
1540258612,-1.7186337,0.023936402,8.928278
1540258612,-2.5516202,0.83777404,10.594251
1540258612,-0.9718179,-0.47394073,8.880404
1540258613,-0.56968635,0.110107444,9.004874
1540258613,-1.4792696,-0.4164934,8.985725
1540258613,-2.0250196,1.5941644,9.244238
1540258613,-2.714388,0.27287498,10.077225
1540258613,-0.5505372,-1.0484143,8.487848
1540258613,0.47394073,0.45479164,9.818711
1540258613,-1.8431029,0.3111732,8.966576
1540258613,-3.4612036,0.043085523,9.780414
1540258613,-0.56011176,-1.2303311,8.794233
1540258613,0.023936402,0.8664977,9.608071
1540258613,-1.4026731,-0.71330476,9.64637
1540258613,-1.2782038,0.69415563,8.593168
1540258613,-2.867581,-0.10053288,10.393186
1540258613,-0.17712937,-1.1154363,8.803808
1540258613,1.8048047,0.34947145,10.144247
1540258613,-2.0633178,0.2154276,8.545295
1540258614,-4.772918,0.18670394,9.598496
1540258614,-0.25372586,-0.45479164,9.722966
1540258614,1.1824582,-0.3877697,8.621892
1540258614,-1.9867213,-1.0292653,9.014449
1540258614,-3.1452432,0.9718179,9.225089
1540258614,-0.70373017,-0.76117754,9.971905
1540258614,-0.36862057,-0.91437054,8.995299
1540258614,-0.19627848,-0.8856468,9.0814705
1540258614,-2.1782124,0.9526688,9.033598
1540258614,-3.5282254,0.05266008,10.517654
1540258614,0.00478728,-1.1633091,8.985725
1540258614,1.3930986,-0.22500217,9.684668
1540258614,-2.0920415,-0.33032233,8.650616
1540258614,-3.5378,0.47394073,9.847435
1540258614,-0.8186249,-0.85692316,9.531475
1540258614,0.5888355,0.0718092,9.474028
1540258615,-1.9388485,-0.8090504,9.100619
1540258615,-3.0016246,0.8664977,8.736787
1540258615,-1.4313968,0.0,10.048501
1540258615,-0.36862057,-0.8473486,8.765511
1540258615,0.00478728,-0.512239,9.435729
1540258615,-1.6611862,0.5218136,8.497422
1540258615,-2.5899186,0.49308985,10.29744
1540258615,-0.69415563,-0.3877697,9.550624
1540258615,0.6750065,-0.2154276,9.004874
1540258615,-1.929274,-1.2973529,9.378282
1540258615,-3.5473747,0.512239,8.832532
1540258615,-1.0771381,-0.61755913,9.608071
1540258615,0.19627848,-0.665432,9.41658
1540258615,-2.0920415,-1.0484143,8.784659
1540258615,-1.4313968,-0.39734426,8.918703
1540258616,-4.150572,-0.11968201,9.904882
1540258616,-0.5792609,-1.14416,10.000628
1540258616,0.751603,-1.0101161,9.560199
1540258616,-1.0771381,-1.4792696,8.258059
1540258616,-3.4899273,0.3111732,9.474028
1540258616,-0.7994758,-1.7569319,9.675094
1540258616,-0.20585304,-0.8952214,9.2825365
1540258616,-1.0675635,-1.6707608,8.784659
1540258616,-2.6760898,-0.20585304,8.688913
1540258616,-1.9867213,-0.6558574,10.6134
1540258616,-0.4164934,-1.5750152,9.062322
1540258616,0.2441513,-0.8952214,9.435729
1540258616,-1.9867213,-0.665432,7.999545
1540258616,-2.9250283,-0.78990126,10.038927
1540258616,-0.062234644,-0.49308985,10.709146
1540258616,-1.7186337,-1.4122477,9.129343
1540258617,-0.13883112,-1.2782038,7.9803963
1540258617,-2.3697038,-0.22500217,8.679339
1540258617,-2.6377914,-0.359046,11.28362
1540258617,-0.49308985,-1.2686293,9.407005
1540258617,-0.062234644,-0.47394073,8.583593
1540258617,-1.0962871,-0.78032666,8.047418
1540258617,-4.131423,-0.20585304,10.412334
1540258617,-1.1154363,-0.78990126,10.536804
1540258617,0.26330042,-0.92394507,8.516571
1540258617,-1.2303311,-1.0388398,8.688913
1540258617,-2.3122563,-0.2920241,9.483603
1540258617,-1.14416,-0.7324539,10.010203
1540258617,-1.2973529,-1.2016073,8.7750845
1540258617,-0.76117754,-0.99096704,9.703817
1540258617,-1.9196993,-0.27287498,8.286782
1540258617,-3.2026904,-0.6750065,10.345312
1540258618,-0.4164934,-1.469695,8.765511
1540258618,0.54096264,-0.61755913,9.876159
1540258618,-1.6324625,-1.6803354,8.698488
1540258618,-3.499502,0.34947145,9.483603
1540258618,-1.2111819,-1.14416,9.64637
1540258618,-0.42606795,-1.469695,8.889979
1540258618,-0.92394507,-1.4888442,9.569773
1540258618,-2.168638,-0.17712937,7.8655014
1540258618,-3.384607,-0.5888355,10.766593
1540258618,-0.61755913,-1.79523,9.177217
1540258618,0.2154276,-0.7994758,9.177217
1540258618,-1.5462915,-1.3356512,8.650616
1540258618,-3.346309,0.081383765,9.742115
1540258618,-1.2590547,-1.2016073,10.144247
1540258618,-0.6079846,-1.6994845,8.430401
1540258618,-0.043085523,-1.4888442,9.493176
1540258619,-2.0633178,-0.043085523,8.641041
1540258619,-3.231414,-0.90479594,10.431483
1540258619,-0.5792609,-1.8239537,8.765511
1540258619,0.63670826,-0.77075213,9.158067
1540258619,-1.3356512,-1.5175679,8.459125
1540258619,-3.8729098,0.043085523,9.665519
1540258619,-1.2877784,-1.5367169,10.441058
1540258619,-0.39734426,-1.1824582,8.506997
1540258619,-1.6803354,-1.7473572,9.071896
1540258619,-3.7101421,-0.28244954,9.129343
1540258619,-1.7282082,-0.9430942,11.05383
1540258619,-0.9718179,-1.9867213,7.875076
1540258619,-0.71330476,-1.14416,8.305931
1540258619,-2.2260852,0.00478728,8.889979
1540258619,-3.9686553,-0.9718179,10.757019
1540258620,-0.8760723,-2.2356598,9.004874
1540258620,0.665432,-0.5505372,9.033598
1540258620,-1.776081,-1.4313968,8.210186
1540258620,-4.610151,-0.19627848,9.933606
1540258620,-1.5175679,-1.3260766,10.06765
1540258620,0.44521707,-1.2207564,8.784659
1540258620,-1.5271424,-1.5941644,8.526146
1540258620,-3.7675896,0.34947145,8.296356
1540258620,-1.5558661,-1.4218222,10.603826
1540258620,-0.23457673,-1.4984187,8.631466
1540258620,-1.5750152,-1.3356512,9.780414
1540258620,-2.0441687,0.71330476,9.004874
1540258620,-2.733537,-0.56968635,10.144247
1540258620,-1.0005416,-2.0537431,8.171887
1540258620,0.09095833,-1.2111819,10.364462
1540258620,-1.14416,-0.512239,8.5740185
1540258621,-3.3175852,-0.081383765,9.914457
1540258621,-1.1633091,-2.0633178,8.411251
1540258621,0.39734426,-0.9718179,9.818711
1540258621,-1.8048047,-1.3069274,9.062322
1540258621,-3.1165195,0.5792609,9.560199
1540258621,-1.3069274,-1.7377827,8.679339
1540258621,-0.7228793,-1.0867126,9.31126
1540258621,-1.3548003,-1.9101248,10.2016945
1540258621,-2.6282167,0.6750065,8.363379
1540258621,-2.7909844,-0.359046,9.85701
1540258621,0.023936402,-0.69415563,10.536804
1540258621,-1.7473572,-0.8281995,7.9803963
1540258621,-3.844186,0.13883112,10.105948
1540258621,-0.6750065,-1.9005502,8.698488
1540258621,0.56011176,-0.70373017,9.598496
1540258622,-2.321831,-1.6133134,8.870831
1540258622,-3.1835413,0.45479164,9.579348
1540258622,-1.4409714,-1.2973529,9.636795
1540258622,-0.27287498,-1.4601204,8.727212
1540258622,-0.4164934,-1.4601204,9.502751
1540258622,-2.5037475,0.5313881,9.119769
1540258622,-2.254809,-0.27287498,10.479357
1540258622,-1.0771381,-2.2069361,7.2910275
1540258622,0.78990126,-0.665432,10.335738
1540258622,-1.5175679,-1.622888,8.995299
1540258622,-3.3941817,0.93351966,9.617646
1540258622,-1.6037389,-1.709059,9.004874
1540258622,-0.36862057,-1.3548003,8.822957
1540258622,-1.0005416,-1.7377827,9.914457
1540258622,-2.5994933,0.7324539,8.9761505
1540258622,-2.1207652,-1.1728836,10.460207
1540258623,-1.6899099,-2.3026817,8.056993
1540258623,-0.014361841,-1.4601204,10.0868
1540258623,-1.4505459,-0.39734426,8.44955
1540258623,-3.4229054,-0.56968635,10.689997
1540258623,-1.0771381,-1.8909757,8.21976
1540258623,0.2441513,-1.3165021,9.502751
1540258623,-0.8186249,-1.4122477,8.717637
1540258623,-3.4899273,0.3111732,10.163396
1540258623,-1.6133134,-1.1633091,9.904882
1540258623,0.110107444,-1.8335283,8.5740185
1540258623,-0.05266008,-1.5271424,9.62722
1540258623,-2.8484318,0.37819514,8.966576
1540258623,-2.0920415,-0.63670826,10.431483
1540258623,0.062234644,-2.5899186,7.7123084
1540258623,1.0101161,-1.2973529,9.761265
1540258624,-1.929274,-1.3260766,9.004874
1540258624,-3.2026904,-0.15798025,10.058076
1540258624,-0.4164934,-2.8101335,8.439975
1540258624,0.6079846,-1.0292653,10.019777
1540258624,-1.0867126,-2.3026817,9.177217
1540258624,-3.3941817,0.56968635,8.899554
1540258624,-1.8526775,-1.8909757,9.722966
1540258624,0.2920241,-1.469695,9.043172
1540258624,-0.85692316,-2.015445,9.780414
1540258624,-2.752686,0.6750065,8.832532
1540258624,-2.168638,-1.0292653,9.809137
1540258624,-0.3398969,-2.88673,8.181462
1540258624,0.44521707,-1.1537346,10.6134
1540258624,-1.0867126,-1.2686293,8.612317
1540258624,-3.1548176,0.49308985,9.6942425
1540258624,-1.6611862,-2.4463003,8.621892
1540258625,0.0,-1.5175679,9.713391
1540258625,-0.70373017,-1.9867213,9.780414
1540258625,-2.254809,0.9622433,8.545295
1540258625,-2.7718353,-1.5558661,10.163396
1540258625,-0.17712937,-2.187787,8.32508
1540258625,0.14840569,-1.4601204,10.19212
1540258625,-1.2590547,-0.5888355,8.688913
1540258625,-2.8101335,-0.15798025,10.479357
1540258625,-0.9622433,-2.4845984,7.6069884
1540258625,0.2154276,-1.0771381,10.230418
1540258625,-1.3165021,-1.9771467,9.272962
1540258625,-3.5378,0.7420284,9.64637
1540258625,-1.8143792,-1.9771467,8.755936
1540258625,0.50266445,-1.3739494,9.31126
1540258625,-0.71330476,-1.79523,9.876159
1540258625,-2.3984275,1.3548003,8.583593
1540258626,-2.647366,-1.4888442,9.722966
1540258626,-0.50266445,-1.7473572,9.062322
1540258626,0.15798025,-1.1633091,10.364462
1540258626,-0.99096704,-0.77075213,8.296356
1540258626,-3.5473747,0.03351096,10.0868
1540258626,-1.1250108,-1.9196993,8.937852
1540258626,0.043085523,-1.2016073,9.98148
1540258626,-0.6750065,-1.4026731,9.014449
1540258626,-2.254809,1.0101161,8.899554
1540258626,-2.2931073,-0.90479594,9.828286
1540258626,-0.16755481,-1.2303311,9.014449
1540258626,0.10053288,-1.0388398,9.761265
1540258626,-1.3739494,0.37819514,8.210186
1540258626,-2.9633265,-0.2441513,10.450633
1540258626,-0.5792609,-1.2877784,8.957002
1540258626,-0.5505372,-0.8473486,10.134672
1540258627,-1.0771381,-1.4122477,9.004874
1540258627,-1.948423,0.5313881,8.545295
1540258627,-2.2260852,-0.71330476,10.670848
1540258627,-0.45479164,-1.3452257,8.822957
1540258627,-0.45479164,-0.6750065,9.531475
1540258627,-1.3356512,-0.90479594,8.506997
1540258627,-2.254809,-0.20585304,10.383611
1540258627,-0.25372586,-1.3548003,8.889979
1540258627,-0.91437054,-0.512239,9.560199
1540258627,-1.2399056,-1.3643749,9.119769
1540258627,-1.948423,0.512239,8.487848
1540258627,-2.2356598,-1.0101161,10.757019
1540258627,-0.5505372,-1.1728836,8.803808
1540258627,0.13883112,-0.8186249,10.010203
1540258627,-1.3452257,-0.6271337,8.459125
1540258628,-3.451629,-0.27287498,10.115523
1540258628,-0.4164934,-1.2303311,8.985725
1540258628,0.3398969,-0.59841,9.2825365
1540258628,-2.0441687,-1.2973529,8.918703
1540258628,-2.3026817,-0.00478728,9.378282
1540258628,-1.8143792,-0.8090504,9.971905
1540258628,-0.512239,-1.4313968,9.0814705
1540258628,0.062234644,-0.78032666,10.038927
1540258628,-0.8664977,-0.78032666,8.32508
1540258628,-2.6569405,-0.16755481,10.000628
1540258628,-1.1537346,-1.4409714,9.071896
1540258628,-0.2154276,-0.85692316,9.885734
1540258628,-1.0579889,-1.4313968,9.158067
1540258628,-2.3984275,-1.0101161,10.536804
1540258628,-0.359046,-1.8431029,8.889979
1540258629,-0.00478728,-1.0196906,10.019777
1540258629,-1.383524,-0.5505372,8.210186
1540258629,-3.0494976,-0.2441513,9.7899885
1540258629,-0.83777404,-1.9962958,9.253813
1540258629,0.28244954,-0.6271337,9.847435
1540258629,-1.6420372,-1.8431029,8.842107
1540258629,-2.561195,0.64628285,8.985725
1540258629,-1.9196993,-1.0771381,10.354887
1540258629,-0.44521707,-1.948423,8.698488
1540258629,-0.46436617,-1.3548003,9.761265
1540258629,-1.1728836,-0.512239,8.363379
1540258629,-3.2026904,-0.39734426,10.479357
1540258629,-0.59841,-2.2069361,8.583593
1540258629,0.5888355,-0.9718179,9.732541
1540258629,-2.427151,0.6558574,8.5740185
1540258630,-2.666515,-1.0867126,10.364462
1540258630,-0.2154276,-2.2835326,9.033598
1540258630,-0.03351096,-1.9005502,9.904882
1540258630,-1.2590547,0.5505372,8.612317
1540258630,-2.6282167,-1.1250108,9.914457
1540258630,-0.9526688,-2.0633178,8.842107
1540258630,-0.49308985,-1.1058618,10.010203
1540258630,-1.776081,-0.8281995,8.076141
1540258630,-2.7431116,-0.6845811,9.263388
1540258630,-0.27287498,-1.7377827,9.713391
1540258630,-1.2111819,-1.5079932,9.608071
1540258630,-1.0579889,-1.8526775,9.7899885
1540258630,-2.4654493,-0.09095833,8.076141
1540258630,-2.015445,-1.383524,10.517654
1540258630,-0.2441513,-1.6707608,8.372953
1540258630,-0.8473486,-1.2877784,10.239992
1540258631,-1.4792696,-1.0675635,8.497422
1540258631,-2.5420458,-0.4356425,9.407005
1540258631,-0.512239,-1.9867213,9.435729
1540258631,-0.665432,-0.91437054,9.435729
1540258631,-1.2877784,-1.7665064,9.876159
1540258631,-1.862252,0.28244954,7.721883
1540258631,-2.427151,-1.1154363,10.393186
1540258631,-0.5888355,-1.948423,8.937852
1540258631,-0.512239,-0.77075213,10.105948
1540258631,-1.2303311,-1.2973529,8.631466
1540258631,-2.4845984,-0.33032233,9.024023
1540258631,-0.8760723,-1.79523,9.579348
1540258631,-0.8473486,-1.1250108,9.684668
1540258631,-1.1154363,-1.4122477,9.7899885
1540258631,-1.929274,-0.50266445,7.9516726
1540258632,-2.2931073,-0.9622433,9.75169
1540258632,-0.6271337,-2.2739582,8.9761505
1540258632,-0.7228793,-0.63670826,10.757019
1540258632,-1.3739494,-1.6133134,9.531475
1540258632,-2.4845984,-0.26330042,8.076141
1540258632,-1.7282082,-1.2494801,9.770839
1540258632,-0.4835153,-1.709059,8.899554
1540258632,-0.8186249,-1.6611862,9.8953085
1540258632,-2.0537431,-0.34947145,8.363379
1540258632,-2.4558747,-0.8090504,10.354887
1540258632,-0.39734426,-1.7377827,8.506997
1540258632,-0.023936402,-1.1920328,10.172971
1540258632,-1.2399056,-1.9005502,9.052747
1540258632,-2.5516202,-0.09095833,9.368708
1540258632,-0.9526688,-1.3739494,9.445304
1540258632,-0.7420284,-1.2016073,9.004874
1540258633,-0.512239,-1.8239537,9.991054
1540258633,-1.3452257,-0.8473486,8.028269
1540258633,-2.5707695,-0.78032666,10.249567
1540258633,-0.40691882,-1.3930986,9.062322
1540258633,0.043085523,-1.4601204,9.770839
1540258633,-0.93351966,-1.2590547,8.392102
1540258633,-2.7239625,-0.42606795,9.85701
1540258633,-0.9622433,-1.3452257,9.742115
1540258633,-0.8090504,-1.1250108,9.359133
1540258633,-1.0962871,-1.7282082,9.924032
1540258633,-1.5558661,-0.3877697,7.9803963
1540258633,-2.714388,-0.8664977,10.144247
1540258633,-0.22500217,-1.6420372,9.052747
