0.0,-0.54096264,-2.168638,9.091045,-0.01065349,0.01065349,-0.015980236,Rubbing Between Fingers
10.0,-0.42606795,-2.0250196,9.138918,0.0,0.0,0.0,Rubbing Between Fingers
20.0,-0.3877697,-2.0537431,9.158067,0.005326745,0.005326745,0.0,Rubbing Between Fingers
30.0,-0.37819514,-2.2069361,9.234664,0.015980236,0.013316862,0.0026633726,Rubbing Between Fingers
40.0,-0.32074776,-2.2069361,9.177217,0.026633725,0.018643608,0.007990118,Rubbing Between Fingers
50.0,-0.13883112,-2.168638,9.196365,0.034623843,0.013316862,0.01065349,Rubbing Between Fingers
60.0,-0.09095833,-2.254809,9.330409,0.039950587,0.0,0.01065349,Rubbing Between Fingers
70.0,-0.28244954,-2.3888528,9.359133,0.034623843,-0.018643608,0.0026633726,Rubbing Between Fingers
80.0,-0.28244954,-2.254809,9.445304,0.015980236,-0.029297099,-0.0026633726,Rubbing Between Fingers
90.0,-0.110107444,-2.3026817,9.569773,-0.007990118,-0.037287217,-0.007990118,Rubbing Between Fingers
100.0,-0.22500217,-2.427151,9.550624,-0.029297099,-0.039950587,-0.01065349,Rubbing Between Fingers
110.0,-0.23457673,-2.5324712,9.3878565,-0.034623843,-0.039950587,-0.01065349,Rubbing Between Fingers
120.0,-0.2154276,-2.4654493,9.29211,-0.023970352,-0.045277335,-0.01065349,Rubbing Between Fingers
130.0,-0.23457673,-2.2069361,9.253813,-0.0026633726,-0.05060408,-0.01065349,Rubbing Between Fingers
140.0,-0.27287498,-2.2835326,9.18679,0.005326745,-0.055930823,-0.01065349,Rubbing Between Fingers
150.0,-0.34947145,-2.3026817,9.119769,0.005326745,-0.055930823,-0.013316862,Rubbing Between Fingers
160.0,-0.34947145,-2.0824668,9.29211,0.0,-0.05060408,-0.015980236,Rubbing Between Fingers
170.0,-0.2920241,-2.2739582,9.339984,0.0,-0.045277335,-0.018643608,Rubbing Between Fingers
180.0,-0.45479164,-2.3026817,9.244238,0.0026633726,-0.039950587,-0.018643608,Rubbing Between Fingers
190.0,-0.33032233,-2.0728924,9.196365,0.01065349,-0.037287217,-0.018643608,Rubbing Between Fingers
200.0,-0.19627848,-2.2452345,9.119769,0.015980236,-0.031960472,-0.018643608,Rubbing Between Fingers
210.0,-0.34947145,-2.408002,9.158067,0.018643608,-0.026633725,-0.018643608,Rubbing Between Fingers
220.0,-0.359046,-2.1782124,9.320834,0.015980236,-0.023970352,-0.013316862,Rubbing Between Fingers
230.0,-0.14840569,-2.1399143,9.272962,0.007990118,-0.029297099,-0.005326745,Rubbing Between Fingers
240.0,-0.15798025,-2.3888528,9.234664,-0.005326745,-0.034623843,-0.005326745,Rubbing Between Fingers
250.0,-0.34947145,-2.4463003,9.359133,-0.023970352,-0.029297099,-0.01065349,Rubbing Between Fingers
260.0,-0.20585304,-2.3314054,9.339984,-0.034623843,-0.023970352,-0.015980236,Rubbing Between Fingers
270.0,-0.14840569,-2.3984275,9.18679,-0.029297099,-0.018643608,-0.013316862,Rubbing Between Fingers
280.0,-0.2920241,-2.3984275,9.18679,-0.013316862,-0.018643608,-0.005326745,Rubbing Between Fingers
290.0,-0.23457673,-2.1590633,9.29211,0.0026633726,-0.018643608,0.0,Rubbing Between Fingers
300.0,-0.110107444,-2.149489,9.244238,0.007990118,-0.015980236,0.0,Rubbing Between Fingers
310.0,-0.26330042,-2.3697038,9.20594,0.0026633726,-0.01065349,0.0,Rubbing Between Fingers
320.0,-0.3877697,-2.3984275,9.339984,0.0,-0.007990118,0.0,Rubbing Between Fingers
330.0,-0.23457673,-2.360129,9.426155,-0.005326745,-0.01065349,0.0,Rubbing Between Fingers
340.0,-0.26330042,-2.321831,9.359133,-0.007990118,-0.02130698,0.0,Rubbing Between Fingers
350.0,-0.28244954,-2.2643836,9.253813,-0.013316862,-0.026633725,-0.0026633726,Rubbing Between Fingers
360.0,-0.20585304,-2.2452345,9.253813,-0.023970352,-0.023970352,-0.007990118,Rubbing Between Fingers
370.0,-0.18670394,-2.3505547,9.244238,-0.029297099,-0.018643608,-0.007990118,Rubbing Between Fingers
380.0,-0.23457673,-2.34098,9.244238,-0.026633725,-0.013316862,-0.007990118,Rubbing Between Fingers
390.0,-0.19627848,-2.2931073,9.31126,-0.02130698,-0.013316862,-0.007990118,Rubbing Between Fingers
400.0,-0.20585304,-2.2452345,9.2825365,-0.02130698,-0.015980236,-0.007990118,Rubbing Between Fingers
410.0,-0.16755481,-2.360129,9.244238,-0.029297099,-0.01065349,-0.013316862,Rubbing Between Fingers
420.0,-0.27287498,-2.4175766,9.234664,-0.037287217,-0.0026633726,-0.013316862,Rubbing Between Fingers
430.0,-0.20585304,-2.3697038,9.339984,-0.034623843,0.0,-0.013316862,Rubbing Between Fingers
440.0,-0.14840569,-2.2643836,9.378282,-0.02130698,0.0,-0.01065349,Rubbing Between Fingers
450.0,-0.12925656,-2.254809,9.263388,0.0,-0.007990118,-0.007990118,Rubbing Between Fingers
460.0,-0.18670394,-2.4367256,9.244238,0.013316862,-0.015980236,-0.007990118,Rubbing Between Fingers
470.0,-0.32074776,-2.427151,9.244238,0.018643608,-0.015980236,-0.007990118,Rubbing Between Fingers
480.0,-0.22500217,-2.3314054,9.31126,0.01065349,-0.013316862,-0.005326745,Rubbing Between Fingers
490.0,-0.25372586,-2.1782124,9.359133,-0.0026633726,-0.007990118,-0.005326745,Rubbing Between Fingers
500.0,-0.20585304,-1.8335283,9.3878565,-0.018643608,-0.007990118,-0.007990118,Rubbing Between Fingers
510.0,-0.0718092,-2.101616,9.31126,-0.029297099,-0.005326745,-0.01065349,Rubbing Between Fingers
520.0,-0.27287498,-2.4558747,9.2825365,-0.031960472,-0.005326745,-0.013316862,Rubbing Between Fingers
530.0,-0.34947145,-2.4463003,9.378282,-0.026633725,-0.007990118,-0.013316862,Rubbing Between Fingers
540.0,-0.26330042,-2.5516202,9.3878565,-0.013316862,-0.01065349,-0.007990118,Rubbing Between Fingers
550.0,-0.18670394,-2.5899186,9.41658,0.0,-0.013316862,0.0,Rubbing Between Fingers
560.0,-0.19627848,-2.427151,9.349558,0.0026633726,-0.015980236,0.005326745,Rubbing Between Fingers
570.0,-0.14840569,-2.2260852,9.31126,-0.005326745,-0.013316862,0.005326745,Rubbing Between Fingers
580.0,-0.25372586,-2.3888528,9.138918,-0.018643608,-0.007990118,0.0026633726,Rubbing Between Fingers
590.0,-0.28244954,-2.187787,9.445304,-0.023970352,-0.005326745,0.0026633726,Rubbing Between Fingers
600.0,-0.2154276,-1.7377827,9.675094,-0.02130698,-0.007990118,0.0,Rubbing Between Fingers
610.0,-0.12925656,-1.8814012,9.636795,-0.007990118,-0.015980236,0.0,Rubbing Between Fingers
620.0,-0.081383765,-1.8909757,9.41658,0.0026633726,-0.023970352,-0.0026633726,Rubbing Between Fingers
630.0,-0.10053288,-1.3356512,9.531475,0.005326745,-0.026633725,-0.005326745,Rubbing Between Fingers
640.0,-0.18670394,-2.0537431,9.876159,0.0,-0.023970352,-0.005326745,Rubbing Between Fingers
650.0,-0.2154276,-2.9537518,9.85701,-0.0026633726,-0.013316862,-0.0026633726,Rubbing Between Fingers
660.0,0.023936402,-2.9154537,9.96233,0.005326745,-0.013316862,0.0,Rubbing Between Fingers
670.0,0.12925656,-2.5994933,10.019777,0.026633725,-0.015980236,0.005326745,Rubbing Between Fingers
680.0,0.17712937,-2.9250283,9.837861,0.045277335,-0.02130698,0.007990118,Rubbing Between Fingers
690.0,0.17712937,-3.1452432,9.569773,0.055930823,-0.029297099,0.01065349,Rubbing Between Fingers
700.0,0.34947145,-3.7101421,9.20594,0.047940705,-0.034623843,0.005326745,Rubbing Between Fingers
710.0,0.77075213,-3.8729098,8.822957,0.018643608,-0.034623843,-0.0026633726,Rubbing Between Fingers
720.0,0.83777404,-3.4707782,9.177217,-0.01065349,-0.029297099,-0.015980236,Rubbing Between Fingers
730.0,0.92394507,-2.8388572,9.339984,-0.029297099,-0.015980236,-0.013316862,Rubbing Between Fingers
740.0,1.0292653,-2.752686,9.31126,-0.0026633726,-0.018643608,0.0026633726,Rubbing Between Fingers
750.0,1.3069274,-3.346309,8.334655,0.029297099,-0.029297099,0.023970352,Rubbing Between Fingers
760.0,1.4984187,-4.045252,7.769756,0.061257567,-0.039950587,0.037287217,Rubbing Between Fingers
770.0,1.4313968,-4.8782387,7.3676243,0.07457443,-0.05060408,0.039950587,Rubbing Between Fingers
780.0,1.3165021,-5.194199,7.511243,0.07191106,-0.055930823,0.034623843,Rubbing Between Fingers
790.0,1.929274,-5.222923,8.028269,0.047940705,-0.058594197,0.023970352,Rubbing Between Fingers
800.0,1.622888,-5.960164,7.2527294,0.01065349,-0.058594197,0.007990118,Rubbing Between Fingers
810.0,1.7856555,-6.2665496,6.2952733,-0.023970352,-0.05060408,-0.005326745,Rubbing Between Fingers
820.0,2.3505547,-5.500585,6.4484663,-0.034623843,-0.045277335,-0.029297099,Rubbing Between Fingers
830.0,2.666515,-6.017611,6.4197426,-0.007990118,-0.061257567,-0.029297099,Rubbing Between Fingers
840.0,2.1399143,-7.9037995,5.4718614,0.007990118,-0.08256455,-0.026633725,Rubbing Between Fingers
850.0,0.99096704,-6.3814445,5.146326,0.0,-0.10387153,-0.034623843,Rubbing Between Fingers
860.0,1.6324625,-6.2474008,4.581427,-0.039950587,-0.11985177,-0.05060408,Rubbing Between Fingers
870.0,1.7665064,-8.995299,3.126094,-0.10120816,-0.13316862,-0.069247685,Rubbing Between Fingers
880.0,2.4463003,-7.9420977,2.254809,-0.17045584,-0.1464855,-0.09055467,Rubbing Between Fingers
890.0,1.9005502,-9.397431,0.5218136,-0.2423669,-0.1651291,-0.111861646,Rubbing Between Fingers
900.0,0.4835153,-10.766593,0.03351096,-0.386189,-0.20241632,-0.17844597,Rubbing Between Fingers
910.0,-1.2111819,-10.498506,0.6845811,-0.42347625,-0.21839654,-0.21040644,Rubbing Between Fingers
920.0,-0.63670826,-9.837861,1.1058618,-0.41548613,-0.25035703,-0.22105992,Rubbing Between Fingers
930.0,1.0101161,-12.987891,-3.7292912,-0.3781989,-0.29829773,-0.2130698,Rubbing Between Fingers
940.0,-0.7324539,-10.670848,-2.101616,-0.35422856,-0.35422856,-0.19975294,Rubbing Between Fingers
950.0,0.3111732,-8.545295,-3.3750327,-0.39151576,-0.40483263,-0.20241632,Rubbing Between Fingers
960.0,1.9579976,-8.382527,0.4356425,-0.5060408,-0.43945646,-0.22638667,Rubbing Between Fingers
970.0,1.0005416,-8.372953,-0.13883112,-0.6711699,-0.45810008,-0.26367387,Rubbing Between Fingers
980.0,-1.79523,-11.561282,-6.2091026,-0.83097225,-0.47408032,-0.30362448,Rubbing Between Fingers
990.0,0.4835153,-10.211268,-4.3133397,-0.95881414,-0.51136756,-0.386189,Rubbing Between Fingers
1000.0,1.0867126,-16.17622,-4.5622783,-0.90554667,-0.5326745,-0.41282275,Rubbing Between Fingers
1010.0,-8.870831,-7.6740103,-10.354887,-0.8176554,-0.55930823,-0.41282275,Rubbing Between Fingers
1020.0,-8.6697645,19.603912,18.071983,-0.7563978,-0.5806152,-0.39417914,Rubbing Between Fingers
1030.0,-12.6527815,16.607075,8.928278,-0.7883583,-0.58860534,-0.3781989,Rubbing Between Fingers
1040.0,-18.828373,7.6835847,-19.603912,-0.9668042,-0.585942,-0.386189,Rubbing Between Fingers
1050.0,-13.035764,-2.2835326,-0.5505372,-1.3103793,-0.5752885,-0.4181495,Rubbing Between Fingers
1060.0,-14.596417,12.403843,18.119856,-1.7844596,-0.5619716,-0.46342683,Rubbing Between Fingers
1070.0,-6.6591067,-11.28362,12.710229,-2.309144,-0.543328,-0.51136756,Rubbing Between Fingers
1080.0,0.0,-10.94851,1.7186337,-2.7965412,-0.52734774,-0.5513181,Rubbing Between Fingers
1090.0,0.0,-6.936769,3.1356685,-3.153433,-0.51669425,-0.56729835,Rubbing Between Fingers
1100.0,-0.9526688,-9.5219,3.020774,-3.3318791,-0.52468437,-0.54599136,Rubbing Between Fingers
1110.0,-0.49308985,-9.617646,1.0771381,-3.3425326,-0.543328,-0.50071406,Rubbing Between Fingers
1120.0,0.0718092,-9.225089,-0.64628285,-3.2466512,-0.55930823,-0.45010996,Rubbing Between Fingers
1130.0,-1.4888442,-11.245321,-3.059072,-3.1294627,-0.543328,-0.407496,Rubbing Between Fingers
1140.0,-1.5367169,-9.847435,-0.61755913,-3.0442348,-0.50071406,-0.3595553,Rubbing Between Fingers
1150.0,-1.2111819,-9.713391,-2.1782124,-2.9909673,-0.45277333,-0.2903076,Rubbing Between Fingers
1160.0,-1.5941644,-10.383611,-2.8771553,-2.9536803,-0.41548613,-0.19708957,Rubbing Between Fingers
1170.0,-1.5462915,-8.545295,-2.0537431,-2.9776504,-0.37287214,-0.10919827,Rubbing Between Fingers
1180.0,2.6856642,-4.993133,3.911208,-3.153433,-0.30895123,-0.045277335,Rubbing Between Fingers
1190.0,-0.8090504,-9.244238,-1.622888,-3.5449488,-0.22638667,-0.0026633726,Rubbing Between Fingers
1200.0,-11.187874,-13.6676855,-13.102786,-4.08295,-0.13050525,0.061257567,Rubbing Between Fingers
1210.0,-1.622888,-7.7314577,-9.924032,-4.6129613,-0.039950587,0.17311922,Rubbing Between Fingers
1220.0,2.819708,-6.7069798,9.024023,-5.009804,0.007990118,0.2903076,Rubbing Between Fingers
1230.0,0.4164934,-8.171887,2.4558747,-5.284131,0.0,0.3382483,Rubbing Between Fingers
1240.0,-6.2665496,-8.937852,-9.560199,-5.521171,-0.055930823,0.29563436,Rubbing Between Fingers
1250.0,-4.275041,-8.487848,-11.925115,-5.776855,-0.13849537,0.20774306,Rubbing Between Fingers
1260.0,-0.14840569,-7.664436,-2.2452345,-6.019222,-0.21573317,0.15181224,Rubbing Between Fingers
1270.0,0.5505372,-9.100619,7.875076,-6.155054,-0.27432737,0.135832,Rubbing Between Fingers
1280.0,-2.4367256,-9.024023,-3.9878044,-6.0671625,-0.3009611,0.15181224,Rubbing Between Fingers
1290.0,-5.950589,-10.29744,-12.997466,-5.6516767,-0.292971,0.17311922,Rubbing Between Fingers
1300.0,-0.18670394,-6.745278,-6.611234,-4.924576,-0.27432737,0.18377271,Rubbing Between Fingers
1310.0,0.5218136,-8.430401,8.832532,-4.0536532,-0.271664,0.16779247,Rubbing Between Fingers
1320.0,-2.3505547,-8.909128,-0.54096264,-3.273285,-0.30362448,0.13316862,Rubbing Between Fingers
1330.0,-7.616563,-10.153821,-11.28362,-2.7432737,-0.3595553,0.07723781,Rubbing Between Fingers
1340.0,-2.2452345,-7.8655014,-9.052747,-2.4822633,-0.41282275,0.023970352,Rubbing Between Fingers
1350.0,0.46436617,-7.9133744,3.825037,-2.3996987,-0.43412971,0.029297099,Rubbing Between Fingers
1360.0,-1.6994845,-8.688913,4.495256,-2.4050255,-0.42347625,0.13849537,Rubbing Between Fingers
1370.0,-4.476107,-8.526146,-4.715471,-2.6607091,-0.22638667,0.4261396,Rubbing Between Fingers
1380.0,-6.592085,-9.31126,-12.8538475,-2.6260853,-0.16246572,0.38352564,Rubbing Between Fingers
1390.0,-1.9771467,-7.1186857,-6.984642,-1.9575788,-0.13050525,0.30362448,Rubbing Between Fingers
1400.0,0.26330042,-8.650616,10.871913,-1.464855,-0.1464855,0.7191106,Rubbing Between Fingers
1410.0,-1.862252,-9.215514,-1.2877784,0.39151576,0.19975294,0.31694132,Rubbing Between Fingers
1420.0,-7.4250717,-8.066567,-11.254896,0.22905004,0.4953873,0.25568378,Rubbing Between Fingers
1430.0,-3.9782298,-7.7793303,-11.312344,-0.06658431,0.48207045,0.2903076,Rubbing Between Fingers
1440.0,-0.14840569,-8.095291,4.782493,-0.32226807,0.37020877,0.3302582,Rubbing Between Fingers
1450.0,-1.3356512,-8.286782,4.887813,-0.52734774,0.16246572,0.35422856,Rubbing Between Fingers
1460.0,-6.6495323,-8.066567,-7.1857076,-0.7430809,-0.06658431,0.32226807,Rubbing Between Fingers
1470.0,-5.9218655,-8.372953,-13.696408,-1.0067549,-0.27432737,0.21040644,Rubbing Between Fingers
1480.0,-0.8664977,-6.716554,-4.7537694,-1.2970624,-0.44211984,0.045277335,Rubbing Between Fingers
1490.0,-0.3111732,-9.608071,7.9516726,-1.5394293,-0.5912687,-0.093218036,Rubbing Between Fingers
1500.0,-2.5994933,-8.602742,-2.321831,-1.6885782,-0.7191106,-0.14382212,Rubbing Between Fingers
1510.0,-6.716554,-8.7750845,-10.479357,-1.7045584,-0.81232864,-0.09055467,Rubbing Between Fingers
1520.0,-3.8824842,-7.3771987,-11.590006,-1.5527462,-0.86825943,0.037287217,Rubbing Between Fingers
1530.0,-0.92394507,-7.5208173,3.9782298,-1.2118345,-0.8922298,0.20507969,Rubbing Between Fingers
1540.0,-1.6707608,-8.459125,5.3186684,-0.72443736,-0.8602693,0.37020877,Rubbing Between Fingers
1550.0,-6.525063,-7.6740103,-6.2761245,-0.18377271,-0.7643879,0.49006054,Rubbing Between Fingers
1560.0,-5.7208,-8.621892,-14.20386,0.2823175,-0.60724896,0.53533787,Rubbing Between Fingers
1570.0,-2.015445,-6.8122997,-6.984642,0.55930823,-0.41015938,0.4927239,Rubbing Between Fingers
1580.0,-0.61755913,-8.459125,9.75169,0.5832786,-0.1944262,0.39950588,Rubbing Between Fingers
1590.0,-2.5420458,-8.420826,-1.0005416,0.42081288,0.007990118,0.31694132,Rubbing Between Fingers
1600.0,-7.6835847,-9.119769,-9.071896,0.22105992,0.18643607,0.27965412,Rubbing Between Fingers
1610.0,-4.351638,-8.028269,-11.7049,0.1065349,0.34357506,0.2903076,Rubbing Between Fingers
1620.0,-1.776081,-6.8601727,-3.6622694,0.111861646,0.48739716,0.35156518,Rubbing Between Fingers
1630.0,-1.3452257,-9.0814705,8.842107,0.24503027,0.6258925,0.4554367,Rubbing Between Fingers
1640.0,-2.1207652,-7.7506065,-2.408002,0.5513181,0.7537344,0.5806152,Rubbing Between Fingers
1650.0,-7.0708127,-8.545295,-10.450633,1.0973095,0.8789129,0.70313036,Rubbing Between Fingers
1660.0,-3.9878044,-7.8655014,-11.9346895,1.901648,0.9961013,0.836299,Rubbing Between Fingers
1670.0,-1.8431029,-8.00912,0.9526688,2.916393,1.1159531,0.9881112,Rubbing Between Fingers
1680.0,-1.8814012,-8.21976,6.027186,4.0776234,1.2491218,1.1399235,Rubbing Between Fingers
1690.0,-4.2463174,-7.769756,-4.4856815,5.345389,1.4062607,1.2597752,Rubbing Between Fingers
1700.0,-6.7740016,-8.889979,-13.418746,6.826224,1.6006869,1.3450031,Rubbing Between Fingers
1710.0,-3.1069448,-7.003791,-10.555953,8.746515,1.8110933,1.4462113,Rubbing Between Fingers
1720.0,-1.6994845,-8.181462,6.5537868,11.239432,1.9336084,1.608677,Rubbing Between Fingers
1730.0,-1.8431029,-7.9708214,2.580344,14.091904,1.8696876,1.765816,Rubbing Between Fingers
1740.0,-5.7208,-8.028269,-6.151655,16.651405,1.6006869,1.6619445,Rubbing Between Fingers
1750.0,-4.9835587,-8.363379,-13.840027,18.118923,1.1692206,1.0174084,Rubbing Between Fingers
1760.0,-2.2069361,-6.9559183,-6.0463347,18.001736,0.69247687,-0.17311922,Rubbing Between Fingers
1770.0,-0.8952214,-8.822957,8.143164,16.353107,0.3009611,-1.6166672,Rubbing Between Fingers
1780.0,-2.9154537,-8.277207,-1.4409714,13.716369,0.11985177,-3.1214726,Rubbing Between Fingers
1790.0,-6.984642,-8.870831,-8.2676325,10.8559065,0.18110934,-4.6981893,Rubbing Between Fingers
1800.0,-4.351638,-7.7984796,-11.532558,8.171227,0.26633725,-6.3361635,Rubbing Between Fingers
1810.0,-2.3792782,-7.2527294,-1.8048047,5.4599137,-0.069247685,-7.793028,Rubbing Between Fingers
1820.0,-1.2399056,-8.353804,7.616563,1.8883312,-0.93750715,-8.152583,Rubbing Between Fingers
1830.0,-3.6239712,-7.9420977,-3.5665238,-3.1134825,-2.3251243,-6.0245485,Rubbing Between Fingers
1840.0,-6.486765,-8.11444,-13.409172,-8.272435,-4.1202374,-0.80167514,Rubbing Between Fingers
1850.0,-3.3558834,-7.02294,-10.278291,-12.278148,-6.421391,5.902034,Rubbing Between Fingers
1860.0,-3.0973704,-8.439975,2.8580062,-14.659203,-9.177981,11.356621,Rubbing Between Fingers
1870.0,-4.0644007,-8.401677,-3.1835413,-16.74196,-11.961206,13.447368,Rubbing Between Fingers
1880.0,-4.5527034,-9.770839,-12.078308,-19.27749,-14.608599,12.246187,Rubbing Between Fingers
1890.0,-3.4899273,-7.9133744,-10.144247,-21.903576,-17.213377,8.8131,Rubbing Between Fingers
1900.0,-0.8473486,-6.668681,6.103782,-23.906431,-19.65569,4.75412,Rubbing Between Fingers
1910.0,-2.8292825,-7.396348,2.1399143,-24.316591,-20.939434,1.3956072,Rubbing Between Fingers
1920.0,-8.143164,-8.889979,-7.5303917,-21.81302,-19.501213,-0.8895664,Rubbing Between Fingers
1930.0,-4.5622783,-8.085716,-13.6676855,-15.511481,-14.576638,-1.9336084,Rubbing Between Fingers
1940.0,-3.0111992,-7.35805,-5.7016506,-6.2775693,-6.951402,-1.7817962,Rubbing Between Fingers
1950.0,-0.8856468,-7.8272033,9.253813,2.9110663,1.5767165,-0.34623843,Rubbing Between Fingers
1960.0,-1.7856555,-8.085716,-2.2739582,9.130041,9.151348,1.7045584,Rubbing Between Fingers
1970.0,-8.056993,-8.918703,-9.20594,11.239432,14.5819645,3.518315,Rubbing Between Fingers
1980.0,-4.5239797,-7.12826,-10.728295,10.160767,17.519665,4.647585,Rubbing Between Fingers
1990.0,-3.1069448,-6.831449,-4.9739842,7.976801,18.393251,5.262824,Rubbing Between Fingers
2000.0,-1.469695,-8.564445,5.9027166,6.7463226,17.972439,5.5930824,Rubbing Between Fingers
2009.9999999999998,-0.27287498,-8.124015,-0.28244954,7.5160375,16.680702,5.5717754,Rubbing Between Fingers
2020.0,-5.9314404,-8.593168,-13.399597,10.1687565,14.739103,4.9698534,Rubbing Between Fingers
2029.9999999999998,-3.2888615,-6.47719,-5.8835673,13.577873,12.222217,3.8059595,Rubbing Between Fingers
2040.0,-0.78990126,-6.6495323,8.66019,16.419691,9.513567,2.5328672,Rubbing Between Fingers
2050.0,-2.5994933,-8.286782,-3.231414,17.511675,6.733006,1.7524991,Rubbing Between Fingers
2060.0,-8.487848,-9.493176,-10.6134,16.254562,3.9311378,1.6885782,Rubbing Between Fingers
2070.0,-3.9878044,-7.2144313,-10.833615,12.914694,1.1612304,2.237233,Rubbing Between Fingers
2080.0,-2.714388,-7.4154973,-1.1728836,8.4828415,-1.3663101,3.1374528,Rubbing Between Fingers
2090.0,-1.5462915,-7.808054,6.1420803,4.277376,-3.3185623,4.149534,Rubbing Between Fingers
2100.0,-3.7963133,-8.076141,-3.1069448,1.3050525,-4.583664,4.873972,Rubbing Between Fingers
2110.0,-7.329326,-9.435729,-11.580431,-0.26367387,-5.3720226,4.7194963,Rubbing Between Fingers
2120.0,-5.672927,-7.0325146,-10.460207,-1.0946461,-5.8674097,3.8565636,Rubbing Between Fingers
2130.0,-1.8431029,-7.434646,0.7994758,-1.901648,-6.069826,3.0735319,Rubbing Between Fingers
2140.0,-0.8760723,-8.258059,5.519734,-2.9643335,-5.755548,2.9403634,Rubbing Between Fingers
2150.0,-3.9590807,-8.842107,-3.6143966,-4.019029,-4.903269,3.0735319,Rubbing Between Fingers
2160.0,-7.0133657,-8.526146,-11.905966,-4.7168326,-3.7180681,2.8071947,Rubbing Between Fingers
2170.0,-5.567607,-7.0325146,-9.014449,-4.8207045,-2.436986,2.0827572,Rubbing Between Fingers
2180.0,-1.1058618,-7.9133744,2.867581,-4.338634,-1.2597752,1.1692206,Rubbing Between Fingers
2190.0,-0.7420284,-7.4059224,3.518651,-3.4916813,-0.29829773,0.2530204,Rubbing Between Fingers
2200.0,-4.6388745,-8.133589,-4.2941904,-2.5861347,0.407496,-0.5699617,Rubbing Between Fingers
2210.0,-6.515488,-7.9899707,-12.413418,-1.8723509,0.84162575,-1.1532403,Rubbing Between Fingers
2220.0,-5.2899446,-6.094208,-9.349558,-1.4728451,0.9987647,-1.3450031,Rubbing Between Fingers
2230.0,-2.5228968,-8.957002,0.59841,-1.4195776,0.94816065,-1.1638938,Rubbing Between Fingers
2240.0,-2.1303396,-7.9899707,4.935686,-1.6832515,0.8070019,-0.814992,Rubbing Between Fingers
2250.0,-5.2037735,-8.363379,-3.7675896,-2.181302,0.6818234,-0.50071406,Rubbing Between Fingers
2260.0,-6.3527207,-8.200611,-11.685751,-2.7539272,0.63388264,-0.3009611,Rubbing Between Fingers
2270.0,-4.5527034,-6.458041,-9.569773,-3.2253442,0.636546,-0.2130698,Rubbing Between Fingers
2280.0,-2.1207652,-7.8176284,-0.023936402,-3.4996715,0.6258925,-0.21040644,Rubbing Between Fingers
2290.0,-1.3069274,-8.181462,5.06973,-3.5875628,0.5539815,-0.2423669,Rubbing Between Fingers
2300.0,-5.1654754,-8.889979,-3.5952475,-3.5635924,0.4181495,-0.25834712,Rubbing Between Fingers
2310.0,-7.1665583,-8.430401,-12.384694,-3.531632,0.25834712,-0.2530204,Rubbing Between Fingers
2320.0,-4.6867476,-6.486765,-9.272962,-3.5449488,0.11452502,-0.25035703,Rubbing Between Fingers
2330.0,-2.7909844,-7.3676243,0.25372586,-3.5928895,0.034623843,-0.27699074,Rubbing Between Fingers
2340.0,-0.8186249,-8.124015,4.916537,-3.5928895,0.013316862,-0.32759482,Rubbing Between Fingers
2350.0,-2.4367256,-7.9803963,-2.2739582,-3.4517307,0.018643608,-0.37553552,Rubbing Between Fingers
2360.0,-7.6069884,-10.479357,-7.329326,-3.1507697,0.007990118,-0.41015938,Rubbing Between Fingers
2370.0,-5.222923,-7.8367777,-11.302769,-2.7539272,-0.005326745,-0.4447832,Rubbing Between Fingers
2380.0,-3.3750327,-6.5825105,-2.5994933,-2.3970354,0.005326745,-0.48739716,Rubbing Between Fingers
2390.0,0.10053288,-7.4729443,6.6016593,-2.2185893,0.08256455,-0.5513181,Rubbing Between Fingers
2400.0,-3.3175852,-9.0814705,-1.2782038,-2.3331144,0.21839654,-0.6232292,Rubbing Between Fingers
2410.0,-6.5729356,-8.2676325,-7.511243,-2.7539272,0.38086227,-0.6685065,Rubbing Between Fingers
2420.0,-5.605905,-8.076141,-12.499589,-3.3478594,0.52734774,-0.65252626,Rubbing Between Fingers
2430.0,-4.1601467,-6.745278,-6.151655,-3.883197,0.6285559,-0.5832786,Rubbing Between Fingers
2440.0,-0.3111732,-7.329326,9.004874,-4.128227,0.67383325,-0.49805066,Rubbing Between Fingers
2450.0,-3.2601378,-8.439975,-0.44521707,-4.0003858,0.657853,-0.4261396,Rubbing Between Fingers
2460.0,-6.410168,-8.181462,-7.2623043,-3.5502756,0.6019222,-0.35156518,Rubbing Between Fingers
2470.0,-4.1888704,-7.3867736,-11.858093,-2.9270465,0.543328,-0.2423669,Rubbing Between Fingers
2480.0,-2.8963046,-6.7261286,-5.7686725,-2.2771835,0.5087042,-0.10120816,Rubbing Between Fingers
2490.0,-0.512239,-7.8272033,6.850598,-1.6992317,0.50337744,0.039950587,Rubbing Between Fingers
2500.0,-3.1165195,-8.688913,-0.70373017,-1.2358049,0.5087042,0.15980235,Rubbing Between Fingers
2510.0,-5.8931417,-8.937852,-6.8410234,-0.8522792,0.4953873,0.24769364,Rubbing Between Fingers
2520.0,-4.2271686,-7.1091113,-12.46129,-0.5140309,0.45810008,0.3009611,Rubbing Between Fingers
2530.0,-3.2409887,-6.3144226,-6.256975,-0.22638667,0.42081288,0.31427795,Rubbing Between Fingers
2540.0,-0.4356425,-8.813383,7.3771987,-0.031960472,0.42347625,0.29563436,Rubbing Between Fingers
2550.0,-2.1782124,-8.334655,0.10053288,0.026633725,0.46875358,0.25834712,Rubbing Between Fingers
2560.0,-6.170804,-8.181462,-6.4676156,-0.061257567,0.53800124,0.2130698,Rubbing Between Fingers
2570.0,-5.2420716,-7.9708214,-12.624058,-0.26900062,0.59925884,0.17045584,Rubbing Between Fingers
2580.0,-3.9016335,-6.7931504,-6.6016593,-0.5060408,0.636546,0.14914887,Rubbing Between Fingers
2590.0,0.7324539,-7.9899707,5.644203,-0.6711699,0.64453614,0.15181224,Rubbing Between Fingers
2600.0,-1.5654407,-9.359133,2.0824668,-0.7084571,0.62056583,0.18909945,Rubbing Between Fingers
2610.0,-5.2707953,-7.9325233,-5.7782474,-0.65518963,0.5699617,0.25035703,Rubbing Between Fingers
2620.0,-6.391019,-8.822957,-14.09854,-0.5726251,0.5087042,0.30895123,Rubbing Between Fingers
2630.0,-4.3707867,-6.410168,-6.678256,-0.5087042,0.46342683,0.32493144,Rubbing Between Fingers
2640.0,0.61755913,-7.5974135,4.1122737,-0.44744658,0.43412971,0.27432737,Rubbing Between Fingers
2650.0,-2.1973617,-9.20594,3.0303483,-0.36754543,0.407496,0.17578259,Rubbing Between Fingers
2660.0,-6.0080366,-9.0814705,-12.719804,-0.26633725,0.36221868,0.069247685,Rubbing Between Fingers
2670.0,-3.5952475,-7.1665583,-8.411251,-0.18110934,0.2903076,-0.018643608,Rubbing Between Fingers
2680.0,-1.2782038,-8.4686985,1.1824582,-0.15980235,0.1944262,-0.07191106,Rubbing Between Fingers
2690.0,-2.1207652,-8.727212,4.648449,-0.21040644,0.08522792,-0.063920945,Rubbing Between Fingers
2700.0,-3.690993,-8.593168,-3.4420545,-0.30628785,-0.018643608,0.0,Rubbing Between Fingers
2710.0,-5.4048395,-8.439975,-12.499589,-0.36754543,-0.087891296,0.10120816,Rubbing Between Fingers
2720.0,-3.7388659,-6.630383,-9.31126,-0.36754543,-0.098544784,0.21040644,Rubbing Between Fingers
2730.0,-0.5218136,-7.8272033,3.365458,-0.33292156,-0.063920945,0.30628785,Rubbing Between Fingers
2740.0,-1.7186337,-8.564445,3.173967,-0.31427795,0.0,0.35422856,Rubbing Between Fingers
2750.0,-4.849515,-9.914457,-3.499502,-0.3116146,0.08522792,0.30628785,Rubbing Between Fingers
2760.0,-5.1846247,-8.353804,-12.001712,-0.28764424,0.20774306,0.18110934,Rubbing Between Fingers
2770.0,-3.7963133,-7.501668,-8.095291,-0.20774306,0.37287214,0.037287217,Rubbing Between Fingers
2780.0,-0.56011176,-7.999545,1.7186337,-0.08256455,0.5699617,-0.069247685,Rubbing Between Fingers
2790.0,-1.1728836,-9.052747,3.0877957,0.034623843,0.7643879,-0.15447561,Rubbing Between Fingers
2800.0,-4.6005764,-9.655944,-3.0686467,0.08256455,0.8842397,-0.20241632,Rubbing Between Fingers
2810.0,-5.481436,-7.482519,-11.953838,0.026633725,0.8789129,-0.19708957,Rubbing Between Fingers
2820.0,-4.0069537,-6.9559183,-9.263388,-0.10387153,0.71378386,-0.14115874,Rubbing Between Fingers
2830.0,-2.0250196,-6.697405,0.3398969,-0.28498086,0.40216926,-0.061257567,Rubbing Between Fingers
2840.0,-0.6750065,-10.115523,4.6293,-0.54599136,0.026633725,0.005326745,Rubbing Between Fingers
2850.0,-4.2558923,-9.071896,-2.752686,-0.94816065,-0.32493144,0.04261396,Rubbing Between Fingers
2860.0,-5.8644185,-8.439975,-13.083637,-1.3982706,-0.64453614,0.069247685,Rubbing Between Fingers
2870.0,-3.5952475,-6.458041,-9.464453,-1.6859149,-0.9534874,0.14115874,Rubbing Between Fingers
2880.0,-1.2877784,-8.478273,3.2792869,-1.6592811,-1.2624385,0.30628785,Rubbing Between Fingers
2890.0,-1.7569319,-8.870831,3.020774,-1.3982706,-1.5314392,0.5752885,Rubbing Between Fingers
2900.0,-4.7537694,-8.439975,-2.7622607,-1.0680124,-1.7498357,0.91620016,Rubbing Between Fingers
2910.0,-6.170804,-8.076141,-12.786825,-0.7670513,-1.9043114,1.2704287,Rubbing Between Fingers
2920.0,-4.2558923,-6.3622956,-10.134672,-0.4767437,-1.9682323,1.464855,Rubbing Between Fingers
2930.0,-0.22500217,-9.014449,6.4197426,-0.2530204,-1.8936579,1.3423398,Rubbing Between Fingers
2940.0,-2.9920502,-8.899554,-0.6271337,-0.21040644,-1.6779248,0.9241903,Rubbing Between Fingers
2950.0,-7.9133744,-8.612317,-11.551707,-0.3489018,-1.35832,0.4181495,Rubbing Between Fingers
2960.0,-4.696322,-6.7740016,-11.695326,-0.43412971,-0.9668042,0.013316862,Rubbing Between Fingers
2970.0,-1.8718265,-7.3771987,-2.3505547,-0.15980235,-0.5752885,-0.2823175,Rubbing Between Fingers
2980.0,-0.3877697,-7.310177,8.00912,0.4660902,-0.20774306,-0.48207045,Rubbing Between Fingers
2990.0,-4.0739756,-9.502751,-2.7718353,1.2331415,0.12517852,-0.5140309,Rubbing Between Fingers
3000.0,-6.7357035,-8.650616,-9.665519,1.8537073,0.5087042,-0.44211984,Rubbing Between Fingers
3010.0,-4.1601467,-7.855927,-10.82404,2.138688,0.94816065,-0.45810008,Rubbing Between Fingers
3020.0,-3.039923,-6.333572,-5.7495236,2.0481334,1.3689735,-0.64453614,Rubbing Between Fingers
3030.0,-0.4164934,-8.200611,7.204857,1.6486276,1.6912416,-0.8256455,Rubbing Between Fingers
3040.0,-0.47394073,-8.143164,-0.93351966,1.1665572,1.9389352,-0.8469525,Rubbing Between Fingers
3050.0,-5.5101595,-9.119769,-7.7984796,0.79901177,2.1280346,-0.78036815,Rubbing Between Fingers
3060.0,-4.926111,-7.7793303,-12.394268,0.6658431,2.1866288,-0.69514024,Rubbing Between Fingers
3070.0,-3.384607,-6.611234,-6.9176197,0.73509085,1.9975294,-0.6125757,Rubbing Between Fingers
3080.0,-1.0962871,-7.12826,6.697405,0.8469525,1.5527462,-0.522021,Rubbing Between Fingers
3090.0,-1.8526775,-8.401677,-0.11968201,0.7830315,0.9641409,-0.45277333,Rubbing Between Fingers
3100.0,-4.926111,-9.818711,-6.2282515,0.3489018,0.40216926,-0.40483263,Rubbing Between Fingers
3110.0,-4.045252,-8.296356,-12.662356,-0.34357506,-0.098544784,-0.3489018,Rubbing Between Fingers
3120.0,-3.4899273,-6.410168,-7.329326,-1.0360519,-0.543328,-0.30628785,Rubbing Between Fingers
3130.0,-1.1633091,-8.353804,4.2941904,-1.494152,-0.9614775,-0.31694132,Rubbing Between Fingers
3140.0,-1.7665064,-7.434646,-0.4356425,-1.6965684,-1.2917356,-0.33558494,Rubbing Between Fingers
3150.0,-3.0973704,-7.6740103,-2.9441774,-1.6672713,-1.515459,-0.271664,Rubbing Between Fingers
3160.0,-5.682502,-9.809137,-12.882571,-1.4355578,-1.672598,-0.07191106,Rubbing Between Fingers
3170.0,-4.5144053,-7.5399666,-10.891063,-1.0893193,-1.8164201,0.22638667,Rubbing Between Fingers
3180.0,-2.2356598,-6.525063,1.3930986,-0.7963484,-1.9708956,0.5326745,Rubbing Between Fingers
3190.0,-1.8909757,-8.717637,4.3707867,-0.69247687,-2.074767,0.7643879,Rubbing Between Fingers
3200.0,-3.2601378,-8.305931,-3.2505634,-0.79102165,-2.074767,0.82031876,Rubbing Between Fingers
3210.0,-5.366541,-8.832532,-12.2410755,-1.0120816,-1.9415985,0.6871501,Rubbing Between Fingers
3220.0,-4.0356774,-7.6069884,-10.431483,-1.222488,-1.672598,0.44744658,Rubbing Between Fingers
3230.0,-2.647366,-7.511243,-0.5313881,-1.3023891,-1.2837455,0.22105992,Rubbing Between Fingers
3240.0,-1.3069274,-7.8176284,4.0931244,-1.1159531,-0.8469525,0.05326745,Rubbing Between Fingers
3250.0,-3.2601378,-8.66019,-3.0016246,-0.59659547,-0.4447832,-0.047940705,Rubbing Between Fingers
3260.0,-6.3622956,-8.861256,-10.910212,0.09588141,-0.093218036,-0.05060408,Rubbing Between Fingers
3270.0,-4.7441945,-7.7314577,-10.757019,0.68448675,0.26633725,0.013316862,Rubbing Between Fingers
3280.0,-0.9718179,-7.089962,0.45479164,0.9002199,0.6685065,0.047940705,Rubbing Between Fingers
3290.0,-1.2590547,-7.9899707,5.462287,0.75107104,1.0626856,-0.023970352,Rubbing Between Fingers
3300.0,-3.8729098,-8.822957,-3.5473747,0.40216926,1.4035974,-0.14115874,Rubbing Between Fingers
3310.0,-6.6878304,-9.550624,-11.044255,0.026633725,1.6672713,-0.17045584,Rubbing Between Fingers
3320.0,-4.4090853,-7.1091113,-10.058076,-0.26367387,1.8616974,-0.087891296,Rubbing Between Fingers
3330.0,-2.0250196,-7.702734,0.0,-0.4261396,1.9655689,0.01065349,Rubbing Between Fingers
3340.0,-1.622888,-8.248484,5.82612,-0.38352564,1.9415985,0.08256455,Rubbing Between Fingers
3350.0,-3.384607,-8.803808,-2.2356598,-0.098544784,1.7551625,0.12517852,Rubbing Between Fingers
3360.0,-6.486765,-8.736787,-11.408089,0.3116146,1.4355578,0.15713897,Rubbing Between Fingers
3370.0,-4.504831,-7.6069884,-9.98148,0.6471995,1.0387152,0.15181224,Rubbing Between Fingers
3380.0,-2.5707695,-8.047418,-2.254809,0.6871501,0.6471995,0.09055467,Rubbing Between Fingers
3390.0,-0.751603,-7.4442205,7.8655014,0.3968425,0.33292156,0.005326745,Rubbing Between Fingers
3400.0,-3.1356685,-9.579348,-2.5707695,-0.045277335,0.06658431,-0.037287217,Rubbing Between Fingers
3410.0,-6.0080366,-9.091045,-8.9761505,-0.4261396,-0.22105992,-0.015980236,Rubbing Between Fingers
3420.0,-3.5569491,-7.434646,-9.608071,-0.61790246,-0.5699617,0.045277335,Rubbing Between Fingers
3430.0,-3.039923,-7.2240057,-4.935686,-0.64453614,-0.9135368,0.12784189,Rubbing Between Fingers
3440.0,-0.7228793,-6.9176197,6.8410234,-0.51669425,-1.222488,0.2610105,Rubbing Between Fingers
3450.0,-2.5324712,-9.263388,-2.0824668,-0.23171341,-1.5207857,0.4767437,Rubbing Between Fingers
3460.0,-6.027186,-8.937852,-7.051664,0.135832,-1.7897863,0.7111205,Rubbing Between Fingers
3470.0,-3.7005677,-7.693159,-10.967659,0.4261396,-1.9815491,0.8522792,Rubbing Between Fingers
3480.0,-2.9824755,-7.3006024,-6.065484,0.4554367,-2.0321534,0.8602693,Rubbing Between Fingers
3490.0,0.14840569,-7.137835,6.9942164,0.21040644,-1.9282818,0.7430809,Rubbing Between Fingers
3500.0,-3.020774,-9.215514,-0.56011176,-0.117188394,-1.6912416,0.543328,Rubbing Between Fingers
3510.0,-5.759098,-8.7750845,-6.304848,-0.27699074,-1.3396764,0.3382483,Rubbing Between Fingers
3520.0,-3.7963133,-7.089962,-11.274045,-0.08256455,-0.9321804,0.16779247,Rubbing Between Fingers
3530.0,-3.2792869,-7.1091113,-7.875076,0.4660902,-0.5140309,0.039950587,Rubbing Between Fingers
3540.0,-0.64628285,-8.095291,4.916537,1.1212798,-0.10120816,-0.034623843,Rubbing Between Fingers
3550.0,-2.819708,-9.378282,0.85692316,1.58737,0.3382483,-0.07457443,Rubbing Between Fingers
3560.0,-4.811217,-8.765511,-5.586756,1.6752614,0.81232864,-0.12784189,Rubbing Between Fingers
3570.0,-4.1601467,-7.587839,-12.413418,1.5048054,1.2571118,-0.24769364,Rubbing Between Fingers
3580.0,-4.1792955,-5.7686725,-7.721883,1.2384683,1.6113404,-0.41548613,Rubbing Between Fingers
3590.0,-0.56011176,-8.372953,3.451629,0.9907746,1.8483806,-0.4953873,Rubbing Between Fingers
3600.0,-3.997379,-6.8793216,-4.3133397,0.7963484,1.9975294,-0.42347625,Rubbing Between Fingers
3610.0,-6.716554,-8.439975,-13.658111,0.65518963,2.0721037,-0.27965412,Rubbing Between Fingers
3620.0,-4.73462,-5.797396,-9.96233,0.60991234,2.0108464,-0.1464855,Rubbing Between Fingers
3630.0,-0.78990126,-8.315506,5.328243,0.6658431,1.7471724,-0.058594197,Rubbing Between Fingers
3640.0,-1.2973529,-9.31126,0.99096704,0.7430809,1.2864089,0.0026633726,Rubbing Between Fingers
3650.0,-4.9739842,-8.708063,-5.6633525,0.69247687,0.7430809,0.04261396,Rubbing Between Fingers
3660.0,-4.275041,-8.076141,-12.738953,0.36488205,0.26367387,0.06658431,Rubbing Between Fingers
3670.0,-3.3367343,-6.3431463,-8.277207,-0.13849537,-0.12517852,0.117188394,Rubbing Between Fingers
3680.0,-0.5218136,-6.486765,6.2091026,-0.5726251,-0.4927239,0.16246572,Rubbing Between Fingers
3690.0,-2.2643836,-9.339984,0.062234644,-0.75107104,-0.90554667,0.15181224,Rubbing Between Fingers
3700.0,-5.529309,-8.995299,-7.2527294,-0.7750414,-1.3210328,0.11452502,Rubbing Between Fingers
3710.0,-3.690993,-6.9463434,-11.26447,-0.86825943,-1.6379741,0.15447561,Rubbing Between Fingers
3720.0,-3.3271596,-6.869747,-7.3676243,-1.0946461,-1.8377271,0.3302582,Rubbing Between Fingers
3730.0,-0.6558574,-7.5208173,3.7197168,-1.2917356,-1.9575788,0.5752885,Rubbing Between Fingers
3740.0,-1.6611862,-9.426155,0.85692316,-1.2917356,-2.0135098,0.7963484,Rubbing Between Fingers
3750.0,-5.0122824,-9.263388,-6.438892,-1.1106263,-1.9868759,0.90554667,Rubbing Between Fingers
3760.0,-4.3324885,-6.9654927,-11.925115,-0.9401705,-1.8457172,0.8336356,Rubbing Between Fingers
3770.0,-2.5420458,-7.1665583,-7.0612383,-0.84162575,-1.608677,0.6019222,Rubbing Between Fingers
3780.0,-0.2441513,-6.8888965,2.8292825,-0.7297641,-1.2784188,0.30362448,Rubbing Between Fingers
3790.0,-2.7431116,-9.052747,0.0,-0.43945646,-0.8709228,0.047940705,Rubbing Between Fingers
3800.0,-5.261221,-9.320834,-5.653778,0.05326745,-0.43146634,-0.15980235,Rubbing Between Fingers
3810.0,-3.7963133,-7.702734,-10.517654,0.5912687,0.0,-0.27965412,Rubbing Between Fingers
3820.0,-2.494173,-7.8367777,-8.583593,0.97213095,0.407496,-0.2610105,Rubbing Between Fingers
3830.0,-0.5888355,-7.204857,1.3356512,1.0680124,0.8070019,-0.15181224,Rubbing Between Fingers
3840.0,-2.2835326,-8.593168,1.929274,0.9614775,1.1638938,-0.10387153,Rubbing Between Fingers
3850.0,-4.8590894,-9.110194,-5.021857,0.7643879,1.4355578,-0.19975294,Rubbing Between Fingers
3860.0,-4.782493,-8.803808,-11.685751,0.585942,1.6140038,-0.31694132,Rubbing Between Fingers
3870.0,-2.752686,-6.9942164,-8.11444,0.45810008,1.7738061,-0.33558494,Rubbing Between Fingers
3880.0,-0.61755913,-7.4059224,2.819708,0.3888524,1.9282818,-0.2530204,Rubbing Between Fingers
3890.0,-2.2835326,-9.196365,1.4122477,0.38086227,2.0161731,-0.14382212,Rubbing Between Fingers
3900.0,-4.1792955,-8.621892,-4.782493,0.42347625,1.9202917,-0.069247685,Rubbing Between Fingers
3910.0,-4.456958,-8.583593,-11.38894,0.4554367,1.6140038,-0.037287217,Rubbing Between Fingers
3920.0,-3.4324799,-6.8793216,-8.736787,0.407496,1.1798741,-0.034623843,Rubbing Between Fingers
3930.0,-0.54096264,-7.56869,3.3175852,0.2823175,0.71378386,-0.05060408,Rubbing Between Fingers
3940.0,-1.0005416,-8.727212,-0.665432,0.11452502,0.30628785,-0.026633725,Rubbing Between Fingers
3950.0,-4.5718527,-9.253813,-5.806971,-0.07990117,-0.02130698,0.06658431,Rubbing Between Fingers
3960.0,-3.6622694,-7.616563,-10.115523,-0.292971,-0.31694132,0.16246572,Rubbing Between Fingers
3970.0,-2.4367256,-7.846352,-8.076141,-0.48207045,-0.6392094,0.15980235,Rubbing Between Fingers
3980.0,-0.8473486,-8.200611,4.150572,-0.5912687,-1.0067549,0.069247685,Rubbing Between Fingers
3990.0,-1.8909757,-8.708063,-0.062234644,-0.6152391,-1.3210328,0.034623843,Rubbing Between Fingers
4000.0,-4.543129,-8.746361,-5.519734,-0.63388264,-1.5207857,0.14382212,Rubbing Between Fingers
4010.0,-3.9590807,-7.511243,-10.977234,-0.74840766,-1.6752614,0.35422856,Rubbing Between Fingers
4019.9999999999995,-2.5516202,-5.845269,-7.089962,-0.9774577,-1.8776777,0.5406646,Rubbing Between Fingers
4030.0000000000005,-0.8664977,-8.698488,3.0686467,-1.201181,-2.1227078,0.65252626,Rubbing Between Fingers
4040.0,-2.3888528,-9.483603,-0.3398969,-1.2704287,-2.26653,0.7084571,Rubbing Between Fingers
4050.0,-4.504831,-7.9803963,-5.2899446,-1.1772107,-2.1892922,0.721774,Rubbing Between Fingers
4059.9999999999995,-4.926111,-7.5591154,-12.231501,-0.99343795,-1.8909945,0.65252626,Rubbing Between Fingers
4070.0000000000005,-2.9346027,-6.4963393,-9.675094,-0.7457443,-1.4488747,0.48739716,Rubbing Between Fingers
4080.0,-0.78990126,-7.9420977,2.7718353,-0.36488205,-0.950824,0.2903076,Rubbing Between Fingers
4090.0,-1.6611862,-9.119769,1.1537346,0.22638667,-0.4767437,0.09588141,Rubbing Between Fingers
4100.0,-4.1601467,-7.8846507,-4.1026993,0.86559606,-0.029297099,-0.07990117,Rubbing Between Fingers
4110.0,-5.2707953,-8.143164,-12.56661,1.3077159,0.40216926,-0.17045584,Rubbing Between Fingers
4120.0,-2.9537518,-6.515488,-9.655944,1.3982706,0.8629327,-0.20241632,Rubbing Between Fingers
4130.0,-1.7473572,-8.171887,2.494173,1.2278148,1.2997258,-0.24503027,Rubbing Between Fingers
4140.0,-1.7186337,-9.454879,1.776081,0.95881414,1.6326474,-0.37020877,Rubbing Between Fingers
4150.0,-3.7388659,-8.124015,-2.5228968,0.70579374,1.8403904,-0.48207045,Rubbing Between Fingers
4160.0,-5.38569,-8.5740185,-11.810221,0.5193576,1.994866,-0.49006054,Rubbing Between Fingers
4170.0,-3.5665238,-7.003791,-10.632549,0.40483263,2.1466782,-0.41548613,Rubbing Between Fingers
4180.0,-1.8526775,-7.501668,0.13883112,0.39950588,2.2319062,-0.3302582,Rubbing Between Fingers
4190.0,-1.1824582,-9.052747,3.3271596,0.5193576,2.138688,-0.2610105,Rubbing Between Fingers
4200.0,-3.518651,-8.602742,-2.9250283,0.67383325,1.80843,-0.2423669,Rubbing Between Fingers
4210.0,-5.376116,-8.861256,-9.043172,0.6898135,1.3130426,-0.26367387,Rubbing Between Fingers
4220.0,-3.1452432,-7.329326,-8.861256,0.4447832,0.7777048,-0.30362448,Rubbing Between Fingers
4230.0,-2.9537518,-6.5346375,-5.452712,-0.05326745,0.32759482,-0.28498086,Rubbing Between Fingers
4240.0,0.4356425,-6.9654927,4.121848,-0.64187276,-0.018643608,-0.19176282,Rubbing Between Fingers
4250.0,-2.187787,-9.435729,-1.4409714,-1.12927,-0.3382483,-0.1065349,Rubbing Between Fingers
4260.0,-6.563361,-9.368708,-5.806971,-1.379627,-0.7084571,-0.1065349,Rubbing Between Fingers
4270.0,-3.5282254,-7.721883,-10.852764,-1.3529932,-1.086656,-0.135832,Rubbing Between Fingers
4280.0,-3.3175852,-7.46337,-8.305931,-1.1159531,-1.3849537,-0.09588141,Rubbing Between Fingers
4290.0,-1.2399056,-7.961247,3.4420545,-0.7777048,-1.5980235,0.063920945,Rubbing Between Fingers
4300.0,-2.1399143,-9.0814705,0.42606795,-0.5060408,-1.787123,0.30362448,Rubbing Between Fingers
4310.0,-4.5622783,-8.018694,-4.868664,-0.41548613,-2.0135098,0.53800124,Rubbing Between Fingers
4320.0,-4.7250457,-8.104865,-11.111278,-0.5140309,-2.2105992,0.69514024,Rubbing Between Fingers
4330.0,-2.7718353,-6.7069798,-8.602742,-0.7377542,-2.2825103,0.71644723,Rubbing Between Fingers
4340.0,-1.776081,-7.434646,-1.4601204,-0.9854478,-2.1546683,0.60991234,Rubbing Between Fingers
4350.0,-1.3165021,-8.641041,3.7484405,-1.1266066,-1.8270736,0.43412971,Rubbing Between Fingers
4360.0,-3.5473747,-9.301685,-3.193116,-1.0174084,-1.3423398,0.27699074,Rubbing Between Fingers
4370.0,-5.6250544,-8.947427,-7.348475,-0.55664486,-0.7883583,0.13849537,Rubbing Between Fingers
4380.0,-3.5952475,-7.9708214,-13.102786,0.15181224,-0.25568378,-0.01065349,Rubbing Between Fingers
4390.0,-2.905879,-5.9697385,-5.2420716,0.8336356,0.21040644,-0.111861646,Rubbing Between Fingers
4400.0,-0.2441513,-6.5537868,7.2335806,1.2251514,0.64187276,-0.15181224,Rubbing Between Fingers
4410.0,-2.7239625,-9.550624,-1.3165021,1.2278148,1.0520321,-0.18909945,Rubbing Between Fingers
4420.0,-6.0367603,-8.439975,-6.4676156,1.0014281,1.422241,-0.3116146,Rubbing Between Fingers
4430.0,-4.045252,-7.693159,-12.107032,0.6871501,1.7285287,-0.4847338,Rubbing Between Fingers
4440.0,-2.4367256,-6.5825105,-7.9803963,0.45010996,1.9788858,-0.5619716,Rubbing Between Fingers
4450.0,-0.3111732,-7.329326,5.7495236,0.3382483,2.1706486,-0.51136756,Rubbing Between Fingers
4460.0,-3.2505634,-9.54105,0.751603,0.3409117,2.25854,-0.386189,Rubbing Between Fingers
4470.0,-5.06973,-9.2825365,-5.3378177,0.41015938,2.173312,-0.27432737,Rubbing Between Fingers
4480.0,-3.8058877,-7.808054,-12.480439,0.47408032,1.8776777,-0.21839654,Rubbing Between Fingers
4490.0,-3.5856729,-6.3814445,-8.746361,0.4554367,1.4115875,-0.19176282,Rubbing Between Fingers
4500.0,-1.5654407,-7.549541,4.0069537,0.30895123,0.88690305,-0.17045584,Rubbing Between Fingers
4510.0,-2.168638,-8.794233,-0.27287498,0.045277335,0.4181495,-0.111861646,Rubbing Between Fingers
4520.0,-4.5144053,-8.372953,-5.481436,-0.28498086,0.045277335,-0.0026633726,Rubbing Between Fingers
4530.0,-3.6526947,-7.9708214,-12.940019,-0.60724896,-0.27699074,0.10120816,Rubbing Between Fingers
4540.0,-3.2792869,-6.3527207,-7.635712,-0.86559606,-0.63388264,0.13316862,Rubbing Between Fingers
4550.0,-1.8909757,-7.922949,-0.8760723,-1.0067549,-1.0253984,0.10919827,Rubbing Between Fingers
4560.0,-2.8771553,-8.9761505,2.9250283,-1.0600222,-1.3822904,0.10120816,Rubbing Between Fingers
4570.0,-3.671844,-7.6835847,-4.322914,-1.044042,-1.6885782,0.1944262,Rubbing Between Fingers
4580.0,-5.873993,-7.3771987,-11.513409,-1.0094182,-1.9682323,0.40216926,Rubbing Between Fingers
4590.0,-3.3080106,-6.391019,-10.431483,-0.9881112,-2.202609,0.657853,Rubbing Between Fingers
4600.0,-1.0962871,-6.7548523,-1.8814012,-1.0333885,-2.3171341,0.8469525,Rubbing Between Fingers
4610.0,-2.168638,-9.253813,5.376116,-1.1692206,-2.25854,0.8735862,Rubbing Between Fingers
4620.0,-3.8824842,-9.464453,-5.0984535,-1.3503299,-2.0268266,0.74041754,Rubbing Between Fingers
4630.0,-5.041006,-9.052747,-12.5474615,-1.4462113,-1.651291,0.52734774,Rubbing Between Fingers
4640.0,-3.126094,-5.988888,-10.364462,-1.3077159,-1.1559037,0.31694132,Rubbing Between Fingers
4650.0,-1.4984187,-6.7069798,-1.5367169,-0.8709228,-0.59659547,0.10919827,Rubbing Between Fingers
4660.0,-2.4845984,-8.11444,5.17505,-0.23171341,-0.055930823,-0.10387153,Rubbing Between Fingers
4670.0,-2.714388,-8.803808,-6.5825105,0.41015938,0.41015938,-0.22372329,Rubbing Between Fingers
4680.0,-5.376116,-8.631466,-11.245321,0.8602693,0.80966526,-0.25035703,Rubbing Between Fingers
4690.0,-1.5941644,-6.170804,-1.8048047,1.0120816,1.1425868,-0.26367387,Rubbing Between Fingers
4700.0,-2.5037475,-8.784659,4.1026993,0.9002199,1.4035974,-0.36754543,Rubbing Between Fingers
4710.0,-2.580344,-9.071896,-4.495256,0.63121927,1.608677,-0.5193576,Rubbing Between Fingers
4720.0,-6.2761245,-8.947427,-9.20594,0.3382483,1.7924497,-0.57795185,Rubbing Between Fingers
4730.0,-3.4612036,-7.7123084,-9.636795,0.12784189,1.9682323,-0.47408032,Rubbing Between Fingers
4740.0,-1.948423,-6.898471,-4.236743,0.047940705,2.1067276,-0.26900062,Rubbing Between Fingers
4750.0,-2.475024,-7.7506065,6.544212,0.13849537,2.1333613,-0.07990117,Rubbing Between Fingers
4760.0,-4.045252,-8.545295,-3.7867386,0.37020877,1.973559,0.018643608,Rubbing Between Fingers
4770.0,-6.0559096,-9.339984,-12.135756,0.6498629,1.6113404,0.05326745,Rubbing Between Fingers
4780.0,-2.0920415,-6.2952733,-9.110194,0.82298213,1.1479136,0.05060408,Rubbing Between Fingers
4790.0,-2.254809,-6.103782,-6.2282515,0.79901177,0.6818234,0.01065349,Rubbing Between Fingers
4800.0,-1.4792696,-8.5740185,6.0750585,0.55930823,0.2823175,0.0,Rubbing Between Fingers
4810.0,-2.7622607,-8.803808,-0.8473486,0.17311922,-0.039950587,0.039950587,Rubbing Between Fingers
4820.0,-5.8835673,-9.18679,-6.256975,-0.23970354,-0.34357506,0.07457443,Rubbing Between Fingers
4830.0,-4.437809,-8.5740185,-11.7049,-0.5912687,-0.6898135,0.023970352,Rubbing Between Fingers
4840.0,-2.7814097,-6.2091026,-9.167642,-0.8070019,-1.0760025,-0.07457443,Rubbing Between Fingers
4850.0,-1.6324625,-7.9325233,3.5090764,-0.9002199,-1.3982706,-0.11985177,Rubbing Between Fingers
4860.0,-1.79523,-8.401677,0.71330476,-0.91886353,-1.6273206,-0.05326745,Rubbing Between Fingers
4870.0,-4.476107,-9.062322,-3.8633351,-0.8815763,-1.8057666,0.111861646,Rubbing Between Fingers
4880.0,-5.2420716,-8.822957,-11.05383,-0.7883583,-1.994866,0.27965412,Rubbing Between Fingers
4890.0,-2.5899186,-6.7740016,-9.100619,-0.6232292,-2.1493416,0.3888524,Rubbing Between Fingers
4900.0,-1.6037389,-7.0708127,-0.92394507,-0.44744658,-2.1679852,0.4367931,Rubbing Between Fingers
4910.0,-2.6282167,-8.698488,3.7675896,-0.3595553,-1.9975294,0.42880297,Rubbing Between Fingers
4920.0,-2.867581,-8.439975,-4.08355,-0.3595553,-1.6672713,0.35156518,Rubbing Between Fingers
4930.0,-5.988888,-8.889979,-10.268716,-0.32759482,-1.2278148,0.22905004,Rubbing Between Fingers
4940.0,-3.2697124,-7.02294,-9.62722,-0.09588141,-0.75107104,0.135832,Rubbing Between Fingers
4950.0,-2.1973617,-6.7357035,-3.7005677,0.38086227,-0.2903076,0.06658431,Rubbing Between Fingers
4960.0,-1.9005502,-9.071896,5.4048395,0.9108734,0.14914887,0.023970352,Rubbing Between Fingers
4970.0,-2.0441687,-8.459125,-3.1643922,1.2917356,0.5806152,-0.007990118,Rubbing Between Fingers
4980.0,-7.02294,-9.933606,-8.11444,1.400934,1.0174084,-0.058594197,Rubbing Between Fingers
4990.0,-2.5037475,-7.2527294,-8.248484,1.3290229,1.4089241,-0.15980235,Rubbing Between Fingers
5000.0,-1.862252,-6.6495323,-6.2952733,1.1425868,1.7098851,-0.292971,Rubbing Between Fingers
5010.0,-1.9101248,-8.258059,7.1857076,0.91620016,1.9549154,-0.34357506,Rubbing Between Fingers
5020.0,-3.1452432,-9.512326,-2.4654493,0.700467,2.1919556,-0.28764424,Rubbing Between Fingers
5030.0,-5.7782474,-8.765511,-8.018694,0.585942,2.381055,-0.18377271,Rubbing Between Fingers
5040.0,-3.4899273,-7.6452866,-10.048501,0.61790246,2.3863819,-0.07723781,Rubbing Between Fingers
5050.0,-1.0101161,-7.654861,2.9441774,0.7297641,2.1147177,-0.023970352,Rubbing Between Fingers
5060.0,-2.6952388,-8.957002,1.4601204,0.7563978,1.6140038,-0.034623843,Rubbing Between Fingers
5070.0,-4.1888704,-8.822957,-5.433563,0.6019222,1.0120816,-0.10120816,Rubbing Between Fingers
5080.0,-5.7208,-9.2825365,-11.561282,0.28764424,0.44211984,-0.16779247,Rubbing Between Fingers
5090.0,-2.6282167,-6.4963393,-9.138918,-0.10387153,0.0,-0.135832,Rubbing Between Fingers
5100.0,-1.0005416,-6.678256,2.5228968,-0.47940707,-0.3382483,-0.023970352,Rubbing Between Fingers
5110.0,-2.494173,-8.985725,2.494173,-0.772378,-0.64187276,0.06658431,Rubbing Between Fingers
5120.0,-4.131423,-8.430401,-5.0984535,-0.91620016,-0.99343795,0.07191106,Rubbing Between Fingers
5130.0,-5.7686725,-8.813383,-11.503835,-0.90554667,-1.3396764,0.069247685,Rubbing Between Fingers
5140.0,-3.126094,-6.1420803,-9.177217,-0.82298213,-1.6219939,0.14382212,Rubbing Between Fingers
5150.0,-1.9101248,-9.732541,5.979313,-0.7883583,-1.8776777,0.31694132,Rubbing Between Fingers
5160.0,-3.2505634,-8.334655,-2.513322,-0.8629327,-2.1546683,0.5300111,Rubbing Between Fingers
5170.0,-5.998462,-9.426155,-8.076141,-0.9668042,-2.4316592,0.721774,Rubbing Between Fingers
5180.0,-3.1643922,-6.630383,-9.493176,-1.0174084,-2.5728178,0.8256455,Rubbing Between Fingers
5190.0,-2.9441774,-6.611234,-8.286782,-1.0520321,-2.4929168,0.76172453,Rubbing Between Fingers
5200.0,-1.9867213,-8.353804,6.170804,-1.086656,-2.1972823,0.5726251,Rubbing Between Fingers
5210.0,-2.3792782,-9.0814705,-1.0388398,-1.0360519,-1.7365189,0.32493144,Rubbing Between Fingers
5220.0,-4.648449,-8.439975,-5.146326,-0.7430809,-1.1638938,0.122515135,Rubbing Between Fingers
5230.0,-4.351638,-7.2527294,-11.637878,-0.17311922,-0.5513181,-0.05326745,Rubbing Between Fingers
5240.0,-2.494173,-6.1995277,-9.665519,0.4953873,0.01065349,-0.21040644,Rubbing Between Fingers
5250.0,-2.1590633,-7.8367777,2.187787,1.0333885,0.49805066,-0.271664,Rubbing Between Fingers
5260.0,-3.0494976,-8.124015,2.0058703,1.2358049,0.9321804,-0.2823175,Rubbing Between Fingers
5270.0,-4.0644007,-8.401677,-7.396348,1.0946461,1.3183694,-0.31427795,Rubbing Between Fingers
5280.0,-5.4239883,-9.129343,-10.412334,0.79102165,1.6246573,-0.45277333,Rubbing Between Fingers
5290.0,-2.5324712,-6.486765,-8.497422,0.53800124,1.8776777,-0.6019222,Rubbing Between Fingers
5300.0,-1.3930986,-6.9271946,2.494173,0.42081288,2.096074,-0.6392094,Rubbing Between Fingers
5310.0,-2.5228968,-8.698488,3.039923,0.39950588,2.2905004,-0.5140309,Rubbing Between Fingers
5320.0,-4.1888704,-8.889979,-4.275041,0.386189,2.4263325,-0.3196047,Rubbing Between Fingers
5330.0,-7.3867736,-9.18679,-11.149575,0.39950588,2.4183424,-0.16246572,Rubbing Between Fingers
5340.0,-3.3941817,-6.5825105,-8.995299,0.46076345,2.1919556,-0.087891296,Rubbing Between Fingers
5350.0,-2.6377914,-6.678256,-2.7048132,0.5406646,1.7498357,-0.05326745,Rubbing Between Fingers
5360.0,-1.1728836,-7.7506065,6.6208086,0.5539815,1.2038444,-0.037287217,Rubbing Between Fingers
5370.0,-2.9537518,-8.688913,-4.6005764,0.43146634,0.6711699,-0.05060408,Rubbing Between Fingers
5380.0,-7.0325146,-9.598496,-9.18679,0.15980235,0.24769364,-0.018643608,Rubbing Between Fingers
5390.0,-2.7814097,-7.4729443,-9.560199,-0.18909945,-0.07191106,0.061257567,Rubbing Between Fingers
5400.0,-2.8292825,-7.2718787,-4.284616,-0.543328,-0.36754543,0.11985177,Rubbing Between Fingers
5410.0,-0.93351966,-8.23891,5.9314404,-0.793685,-0.72710073,0.093218036,Rubbing Between Fingers
5420.0,-1.9388485,-8.5740185,-2.0728924,-0.8709228,-1.1212798,0.037287217,Rubbing Between Fingers
5430.0,-5.5963306,-8.765511,-5.873993,-0.7856949,-1.443548,0.055930823,Rubbing Between Fingers
5440.0,-4.4186597,-7.664436,-11.36979,-0.6285559,-1.6832515,0.1944262,Rubbing Between Fingers
5450.0,-3.4707782,-6.6208086,-8.803808,-0.49805066,-1.901648,0.41548613,Rubbing Between Fingers
5460.0,-1.469695,-8.085716,3.4612036,-0.4261396,-2.1413515,0.6258925,Rubbing Between Fingers
5470.0,-1.4792696,-8.746361,0.8186249,-0.38086227,-2.3464313,0.7537344,Rubbing Between Fingers
5480.0,-3.758015,-8.516571,-4.236743,-0.38086227,-2.4050255,0.7563978,Rubbing Between Fingers
5490.0,-5.347392,-9.071896,-9.85701,-0.46342683,-2.2771835,0.64453614,Rubbing Between Fingers
5500.0,-2.6282167,-7.6452866,-8.526146,-0.5699617,-1.9975294,0.4554367,Rubbing Between Fingers
5510.0,-1.9196993,-7.8176284,-1.4792696,-0.56729835,-1.6060137,0.24503027,Rubbing Between Fingers
5520.0,-1.4409714,-8.229335,4.1122737,-0.33292156,-1.1212798,0.07191106,Rubbing Between Fingers
5530.0,-2.2643836,-8.717637,-2.7814097,0.11985177,-0.59659547,-0.087891296,Rubbing Between Fingers
5540.0,-6.4963393,-9.119769,-7.6069884,0.63121927,-0.111861646,-0.2610105,Rubbing Between Fingers
5550.0,-3.8154624,-7.7123084,-11.503835,0.9881112,0.31694132,-0.35689193,Rubbing Between Fingers
5560.0,-2.3505547,-6.975067,-5.8548436,1.0467054,0.72710073,-0.39417914,Rubbing Between Fingers
5570.0,-1.0101161,-7.195282,7.4059224,0.80966526,1.1266066,-0.43945646,Rubbing Between Fingers
5580.0,-1.6803354,-8.708063,-2.2452345,0.4767437,1.4675183,-0.55930823,Rubbing Between Fingers
5590.0,-5.5580325,-9.263388,-7.4442205,0.22638667,1.7631526,-0.69514024,Rubbing Between Fingers
5600.0,-3.5473747,-7.855927,-10.900637,0.135832,2.03748,-0.7324275,Rubbing Between Fingers
5610.0,-2.187787,-6.630383,-8.708063,0.17578259,2.2905004,-0.6285559,Rubbing Between Fingers
5620.0,-0.9622433,-7.7984796,5.3378177,0.27432737,2.4849267,-0.44211984,Rubbing Between Fingers
5630.0,-2.2452345,-8.4686985,1.1537346,0.45010996,2.5302038,-0.25834712,Rubbing Between Fingers
5640.0,-5.5771813,-9.943181,-6.151655,0.6764966,2.3624115,-0.135832,Rubbing Between Fingers
5650.0,-4.275041,-7.7601814,-11.235746,0.86825943,1.9708956,-0.07723781,Rubbing Between Fingers
5660.0,-2.5420458,-7.501668,-8.765511,0.88690305,1.4701817,-0.08256455,Rubbing Between Fingers
5670.0,-0.49308985,-7.5399666,2.2739582,0.6818234,0.9614775,-0.15181224,Rubbing Between Fingers
5680.0,-2.7718353,-8.296356,3.2218397,0.34357506,0.5060408,-0.20241632,Rubbing Between Fingers
5690.0,-4.131423,-8.4686985,-3.7292912,-0.029297099,0.14914887,-0.17045584,Rubbing Between Fingers
5700.0,-6.0080366,-8.315506,-10.651698,-0.36488205,-0.135832,-0.10120816,Rubbing Between Fingers
5710.0,-4.1122737,-7.2623043,-10.469782,-0.6232292,-0.43146634,-0.09588141,Rubbing Between Fingers
5720.0,-2.34098,-7.4154973,-3.3750327,-0.7537344,-0.79901177,-0.18377271,Rubbing Between Fingers
5730.0,-0.8186249,-7.894225,7.051664,-0.7670513,-1.1931909,-0.2610105,Rubbing Between Fingers
5740.0,-3.5473747,-8.7750845,-2.9154537,-0.6711699,-1.4914886,-0.19708957,Rubbing Between Fingers
5750.0,-6.678256,-9.339984,-7.9899707,-0.5699617,-1.6672713,-0.029297099,Rubbing Between Fingers
5760.0,-3.4229054,-7.961247,-10.431483,-0.5699617,-1.8190835,0.18110934,Rubbing Between Fingers
5770.0,-2.513322,-6.4484663,-6.9176197,-0.73509085,-2.0507967,0.38352564,Rubbing Between Fingers
5780.0,-0.6271337,-7.482519,5.452712,-0.95615077,-2.3277876,0.5619716,Rubbing Between Fingers
5790.0,-2.5324712,-8.085716,-1.8909757,-1.1106263,-2.4716098,0.69514024,Rubbing Between Fingers
5800.0,-6.2665496,-7.5974135,-5.8931417,-1.1452502,-2.3783917,0.7191106,Rubbing Between Fingers
5810.0,-2.8101335,-8.784659,-10.364462,-1.0760025,-2.0641136,0.6471995,Rubbing Between Fingers
5820.0,-3.8729098,-9.550624,-7.4537954,-0.90554667,-1.6113404,0.49805066,Rubbing Between Fingers
5830.0,-0.4356425,-6.9654927,1.5558661,-0.5806152,-1.0760025,0.3382483,Rubbing Between Fingers
5840.0,-1.5654407,-7.9708214,1.4792696,-0.08256455,-0.52734774,0.15181224,Rubbing Between Fingers
5850.0,-6.4005938,-7.1474094,-9.64637,0.44744658,0.0,-0.026633725,Rubbing Between Fingers
5860.0,-4.303765,-6.6495323,-9.98148,0.8522792,0.4847338,-0.13050525,Rubbing Between Fingers
5870.0,-2.4367256,-7.7506065,-3.9878044,0.9694676,0.9428339,-0.17578259,Rubbing Between Fingers
5880.0,-0.99096704,-8.286782,6.065484,0.83097225,1.3396764,-0.21839654,Rubbing Between Fingers
5890.0,-3.126094,-8.928278,-3.8633351,0.5539815,1.6539544,-0.33558494,Rubbing Between Fingers
5900.0,-5.529309,-8.564445,-7.4537954,0.2423669,1.9069748,-0.4660902,Rubbing Between Fingers
5910.0,-4.342063,-7.1186857,-11.446387,0.007990118,2.117381,-0.4927239,Rubbing Between Fingers
5920.0,-2.6090677,-6.2474008,-8.124015,-0.10919827,2.3038173,-0.39151576,Rubbing Between Fingers
5930.0,-1.3930986,-7.8655014,8.832532,-0.039950587,2.4050255,-0.23704016,Rubbing Between Fingers
5940.0,-1.9962958,-8.248484,-2.34098,0.22638667,2.3411045,-0.111861646,Rubbing Between Fingers
5950.0,-5.4239883,-8.430401,-5.960164,0.61790246,2.0507967,-0.045277335,Rubbing Between Fingers
5960.0,-5.222923,-8.00912,-11.944264,0.94816065,1.58737,-0.005326745,Rubbing Between Fingers
5970.0,-3.3080106,-6.831449,-9.617646,1.0174084,1.0813292,0.0,Rubbing Between Fingers
5980.0,-1.4601204,-7.922949,3.1643922,0.7643879,0.62056583,-0.0026633726,Rubbing Between Fingers
5990.0,-2.5516202,-8.143164,2.2356598,0.30895123,0.25568378,0.015980236,Rubbing Between Fingers
6000.0,-4.4473834,-9.158067,-5.088879,-0.13050525,-0.055930823,0.05326745,Rubbing Between Fingers
6010.0,-6.027186,-8.32508,-12.030436,-0.4181495,-0.39950588,0.058594197,Rubbing Between Fingers
6020.0,-3.0973704,-5.950589,-9.18679,-0.5060408,-0.82031876,0.023970352,Rubbing Between Fingers
6030.0,-1.5654407,-6.4676156,-2.819708,-0.45810008,-1.2304782,0.007990118,Rubbing Between Fingers
6040.0,-1.3930986,-7.9133744,5.653778,-0.3781989,-1.5287758,0.063920945,Rubbing Between Fingers
6050.0,-2.6377914,-8.459125,-3.173967,-0.36754543,-1.7285287,0.19975294,Rubbing Between Fingers
6060.0,-6.8410234,-9.244238,-6.630383,-0.4927239,-1.922955,0.3968425,Rubbing Between Fingers
6070.0,-4.658024,-6.6878304,-12.480439,-0.72443736,-2.1653218,0.61790246,Rubbing Between Fingers
6080.0,-2.6856642,-5.38569,-9.474028,-0.93750715,-2.3544214,0.80167514,Rubbing Between Fingers
6090.0,-0.33032233,-9.818711,5.653778,-1.0253984,-2.3544214,0.8522792,Rubbing Between Fingers
6100.0,-1.9771467,-9.531475,0.3877697,-0.9854478,-2.1227078,0.74041754,Rubbing Between Fingers
6110.0,-3.9016335,-7.6069884,-3.193116,-0.8602693,-1.7072217,0.54865474,Rubbing Between Fingers
6120.0,-6.7931504,-8.286782,-12.576185,-0.6605164,-1.1878642,0.3489018,Rubbing Between Fingers
6130.0,-4.0931244,-5.7686725,-11.293194,-0.3382483,-0.63121927,0.15181224,Rubbing Between Fingers
6140.0,-1.14416,-7.2718787,3.9495063,0.08256455,-0.09588141,-0.07457443,Rubbing Between Fingers
6150.0,-2.34098,-8.593168,3.1835413,0.49006054,0.39950588,-0.22905004,Rubbing Between Fingers
6160.0,-3.9686553,-8.679339,-5.328243,0.7777048,0.8735862,-0.26900062,Rubbing Between Fingers
6170.0,-5.9697385,-8.506997,-11.810221,0.86559606,1.3236961,-0.25035703,Rubbing Between Fingers
6180.0,-3.7292912,-6.831449,-9.914457,0.80966526,1.7098851,-0.29563436,Rubbing Between Fingers
6190.0,-2.2356598,-7.654861,0.27287498,0.6498629,2.0401435,-0.41548613,Rubbing Between Fingers
6200.0,-1.0484143,-7.894225,5.002708,0.45010996,2.3251243,-0.51136756,Rubbing Between Fingers
6210.0,-3.8346114,-8.535721,-4.131423,0.27699074,2.559501,-0.48739716,Rubbing Between Fingers
6220.0,-7.089962,-9.272962,-10.728295,0.18643607,2.6979964,-0.36754543,Rubbing Between Fingers
6230.0,-3.4037561,-6.5346375,-8.870831,0.24769364,2.652719,-0.23970354,Rubbing Between Fingers
6240.0,-2.8388572,-7.2910275,-3.8154624,0.42347625,2.373065,-0.19176282,Rubbing Between Fingers
6250.0,-0.19627848,-8.516571,5.7686725,0.5912687,1.8723509,-0.20774306,Rubbing Between Fingers
6260.0,-2.905879,-8.66019,-2.254809,0.6152391,1.2917356,-0.23171341,Rubbing Between Fingers
6270.0,-5.414414,-8.085716,-6.8122997,0.44744658,0.7537344,-0.2530204,Rubbing Between Fingers
6280.0,-5.376116,-8.1623125,-11.944264,0.18909945,0.30628785,-0.24769364,Rubbing Between Fingers
6290.0,-2.5899186,-6.1229315,-5.739949,-0.058594197,-0.015980236,-0.17311922,Rubbing Between Fingers
6300.0,-0.023936402,-8.2676325,5.873993,-0.22638667,-0.2423669,-0.055930823,Rubbing Between Fingers
6310.0,-2.3314054,-9.004874,-1.8239537,-0.30628785,-0.44211984,0.029297099,Rubbing Between Fingers
6320.0,-5.692076,-8.621892,-5.5580325,-0.28498086,-0.71378386,0.034623843,Rubbing Between Fingers
6330.0,-4.993133,-7.9325233,-12.298523,-0.22105992,-1.0680124,0.007990118,Rubbing Between Fingers
6340.0,-2.7239625,-6.2952733,-8.32508,-0.15713897,-1.4195776,0.08256455,Rubbing Between Fingers
6350.0,-0.14840569,-8.085716,4.322914,-0.17311922,-1.7045584,0.27432737,Rubbing Between Fingers
6360.0,-1.9579976,-9.349558,0.39734426,-0.2903076,-1.9495887,0.52734774,Rubbing Between Fingers
6370.0,-4.782493,-8.420826,-4.993133,-0.45810008,-2.1839654,0.7830315,Rubbing Between Fingers
6380.0,-5.38569,-8.066567,-11.72405,-0.56729835,-2.3863819,0.9774577,Rubbing Between Fingers
6390.0,-3.0973704,-6.745278,-8.736787,-0.6285559,-2.4210057,1.0200717,Rubbing Between Fingers
6400.0,-0.23457673,-8.085716,3.4899273,-0.7297641,-2.2212527,0.8629327,Rubbing Between Fingers
6410.0,-1.862252,-8.210186,0.33032233,-0.8709228,-1.8430538,0.5726251,Rubbing Between Fingers
6420.0,-6.9271946,-6.8122997,-6.486765,-0.8815763,-1.3476665,0.27432737,Rubbing Between Fingers
6430.0,-3.499502,-7.5974135,-9.713391,-0.5806152,-0.8176554,0.034623843,Rubbing Between Fingers
6440.0,-3.9782298,-11.628304,-7.4059224,-0.0026633726,-0.3009611,-0.1464855,Rubbing Between Fingers
6450.0,-0.03351096,-7.1474094,0.37819514,0.59659547,0.16246572,-0.22905004,Rubbing Between Fingers
6460.0,-0.45479164,-6.7931504,3.499502,1.0120816,0.60724896,-0.19975294,Rubbing Between Fingers
6470.0,-4.6005764,-9.531475,-4.3324885,1.1319333,1.0520321,-0.15181224,Rubbing Between Fingers
6480.0,-7.0803876,-8.305931,-9.512326,1.0493687,1.4515381,-0.1944262,Rubbing Between Fingers
6490.0,-3.499502,-7.310177,-9.876159,0.8283089,1.7418456,-0.34623843,Rubbing Between Fingers
6500.0,-2.0728924,-8.00912,-3.5473747,0.56729835,1.9176283,-0.45010996,Rubbing Between Fingers
6510.0,-0.76117754,-7.9516726,5.8548436,0.35156518,2.0614502,-0.41015938,Rubbing Between Fingers
6520.0,-2.9824755,-9.263388,-3.8058877,0.21573317,2.1866288,-0.30362448,Rubbing Between Fingers
6530.0,-5.9697385,-7.894225,-8.229335,0.22372329,2.2105992,-0.19975294,Rubbing Between Fingers
6540.0,-4.3324885,-6.9463434,-11.408089,0.39417914,2.0108464,-0.1464855,Rubbing Between Fingers
6550.0,-1.79523,-6.4484663,-5.0314317,0.6711699,1.6006869,-0.11985177,Rubbing Between Fingers
6560.0,-0.023936402,-8.210186,5.941015,0.8842397,1.0919827,-0.11452502,Rubbing Between Fingers
6570.0,-2.3314054,-8.918703,-3.3271596,0.8709228,0.5912687,-0.135832,Rubbing Between Fingers
6580.0,-6.37187,-8.372953,-8.439975,0.6285559,0.19176282,-0.11985177,Rubbing Between Fingers
6590.0,-3.9495063,-8.334655,-11.082554,0.29563436,-0.09055467,-0.045277335,Rubbing Between Fingers
6600.0,-1.5941644,-7.2144313,-5.309094,0.026633725,-0.30895123,0.034623843,Rubbing Between Fingers
6610.0,-0.0718092,-7.511243,6.113357,-0.122515135,-0.55664486,0.07191106,Rubbing Between Fingers
6620.0,-2.8388572,-9.024023,-2.4845984,-0.19708957,-0.8709228,0.037287217,Rubbing Between Fingers
6630.0,-6.1612296,-9.225089,-7.2910275,-0.2823175,-1.1931909,-0.005326745,Rubbing Between Fingers
6640.0,-4.476107,-7.6835847,-10.661273,-0.37553552,-1.4488747,0.026633725,Rubbing Between Fingers
6650.0,-2.3984275,-6.936769,-5.7495236,-0.47408032,-1.6406375,0.16246572,Rubbing Between Fingers
6660.0,-0.3111732,-7.02294,5.2133484,-0.55664486,-1.829737,0.3489018,Rubbing Between Fingers
6670.0,-2.2356598,-8.7750845,-0.85692316,-0.6471995,-2.0428069,0.5193576,Rubbing Between Fingers
6680.0,-5.912291,-9.579348,-5.38569,-0.72443736,-2.2132626,0.657853,Rubbing Between Fingers
6690.0,-4.801642,-8.305931,-12.537887,-0.7963484,-2.2265794,0.700467,Rubbing Between Fingers
6700.0,-2.5994933,-6.7261286,-7.6069884,-0.8815763,-2.0214999,0.56729835,Rubbing Between Fingers
6710.0,-0.13883112,-6.984642,4.782493,-0.93750715,-1.6592811,0.26367387,Rubbing Between Fingers
6720.0,-2.2931073,-8.55487,0.0718092,-0.836299,-1.222488,-0.047940705,Rubbing Between Fingers
6730.0,-5.2899446,-9.100619,-5.797396,-0.4447832,-0.80167514,-0.25035703,Rubbing Between Fingers
6740.0,-4.7250457,-7.396348,-12.375119,0.17045584,-0.39151576,-0.3489018,Rubbing Between Fingers
6750.0,-2.733537,-6.563361,-10.077225,0.72710073,0.023970352,-0.35422856,Rubbing Between Fingers
6760.0,-1.0675635,-8.143164,4.801642,1.0014281,0.4767437,-0.29829773,Rubbing Between Fingers
6770.0,-1.7186337,-8.717637,0.751603,0.94816065,0.9428339,-0.2903076,Rubbing Between Fingers
6780.0,-4.495256,-9.148493,-4.782493,0.74041754,1.3423398,-0.41015938,Rubbing Between Fingers
6790.0,-5.2899446,-7.7314577,-11.82937,0.5140309,1.6326474,-0.59925884,Rubbing Between Fingers
6800.0,-2.6186423,-6.525063,-9.071896,0.32493144,1.8270736,-0.6764966,Rubbing Between Fingers
6810.0,-1.2207564,-7.587839,1.8335283,0.22105992,1.9975294,-0.5832786,Rubbing Between Fingers
6820.0,-1.9962958,-8.4686985,1.6611862,0.20241632,2.1413515,-0.4660902,Rubbing Between Fingers
6830.0,-4.4186597,-9.177217,-4.5910015,0.34357506,2.1493416,-0.41015938,Rubbing Between Fingers
6840.0,-5.5771813,-8.248484,-11.274045,0.64187276,1.9202917,-0.42347625,Rubbing Between Fingers
6850.0,-2.733537,-6.7740016,-8.880404,0.9641409,1.4728451,-0.43945646,Rubbing Between Fingers
6860.0,-1.4792696,-7.4442205,-1.5654407,1.0573589,0.9534874,-0.4447832,Rubbing Between Fingers
6870.0,-1.3548003,-8.32508,3.2601378,0.7750414,0.48207045,-0.4660902,Rubbing Between Fingers
6880.0,-3.3080106,-8.889979,-2.6569405,0.1944262,0.122515135,-0.44744658,Rubbing Between Fingers
6890.0,-5.912291,-8.2676325,-8.00912,-0.40216926,-0.15713897,-0.37020877,Rubbing Between Fingers
6900.0,-4.715471,-8.124015,-12.451715,-0.8043385,-0.42081288,-0.2823175,Rubbing Between Fingers
6910.0,-2.5037475,-5.500585,-3.7005677,-0.94816065,-0.71378386,-0.23171341,Rubbing Between Fingers
6920.0,-0.03351096,-8.248484,6.2282515,-0.90554667,-0.9881112,-0.17578259,Rubbing Between Fingers
6930.0,-3.4324799,-9.052747,-1.2494801,-0.7377542,-1.1985177,-0.045277335,Rubbing Between Fingers
6940.0,-5.8835673,-9.20594,-8.6697645,-0.53533787,-1.3849537,0.15980235,Rubbing Between Fingers
6950.0,-4.2558923,-7.243155,-11.618729,-0.42081288,-1.6033503,0.40483263,Rubbing Between Fingers
6960.0,-2.9633265,-5.567607,-6.4005938,-0.4927239,-1.8750143,0.63121927,Rubbing Between Fingers
6970.0,0.062234644,-8.305931,5.2037735,-0.71378386,-2.1014009,0.7830315,Rubbing Between Fingers
6980.0,-2.3314054,-9.062322,-0.78032666,-0.9907746,-2.1626585,0.79102165,Rubbing Between Fingers
6990.0,-5.414414,-8.32508,-4.772918,-1.2091712,-2.0348167,0.64453614,Rubbing Between Fingers
7000.0,-5.0984535,-8.11444,-11.350641,-1.2810822,-1.7578259,0.42880297,Rubbing Between Fingers
7010.0,-4.0548263,-7.310177,-9.665519,-1.1106263,-1.3902805,0.24503027,Rubbing Between Fingers
7020.0,-2.5037475,-8.516571,0.9718179,-0.66317976,-0.93750715,0.12784189,Rubbing Between Fingers
7030.0,-0.6558574,-9.263388,4.5527034,0.0,-0.46076345,0.013316862,Rubbing Between Fingers
7040.0,-2.9537518,-8.516571,-2.1590633,0.6392094,-0.013316862,-0.10387153,Rubbing Between Fingers
7050.0,-6.9942164,-8.688913,-9.684668,0.99343795,0.40483263,-0.16246572,Rubbing Between Fingers
7060.0,-4.5335546,-7.2527294,-10.584677,0.9135368,0.82298213,-0.17311922,Rubbing Between Fingers
7070.0,-2.666515,-6.668681,-2.427151,0.5140309,1.2065078,-0.19708957,Rubbing Between Fingers
7080.0,-0.70373017,-8.736787,5.787822,0.05326745,1.5127956,-0.2903076,Rubbing Between Fingers
7090.0,-2.8963046,-9.110194,-2.752686,-0.2423669,1.7684793,-0.37553552,Rubbing Between Fingers
7100.0,-6.132506,-8.842107,-7.2910275,-0.33558494,2.0001929,-0.3968425,Rubbing Between Fingers
7110.0,-3.9590807,-7.664436,-9.732541,-0.29563436,2.2185893,-0.30362448,Rubbing Between Fingers
7120.0,-2.7239625,-6.8122997,-4.2463174,-0.17045584,2.3757284,-0.17311922,Rubbing Between Fingers
7130.0,-0.50266445,-8.727212,5.739949,0.08256455,2.394372,-0.055930823,Rubbing Between Fingers
7140.0,-5.433563,-8.411251,-5.567607,0.4953873,2.215926,0.029297099,Rubbing Between Fingers
7150.0,-5.222923,-8.00912,-11.072979,0.9534874,1.8830044,0.122515135,Rubbing Between Fingers
7160.0,-3.1165195,-6.525063,-7.3006024,1.2624385,1.5021421,0.21040644,Rubbing Between Fingers
7170.0,-0.4164934,-8.794233,4.045252,1.294399,1.1319333,0.24769364,Rubbing Between Fingers
7180.0,-2.3792782,-9.407005,0.93351966,1.0760025,0.7883583,0.271664,Rubbing Between Fingers
7190.0,-3.7005677,-7.089962,-2.34098,0.7084571,0.5087042,0.3302582,Rubbing Between Fingers
7200.0,-7.3389006,-7.922949,-10.986808,0.32759482,0.271664,0.40483263,Rubbing Between Fingers
7210.0,-5.088879,-7.5591154,-10.249567,0.026633725,0.031960472,0.42081288,Rubbing Between Fingers
7220.0,-2.0824668,-8.372953,-1.5941644,-0.10919827,-0.25568378,0.3382483,Rubbing Between Fingers
7230.0,0.28244954,-8.459125,4.782493,-0.07723781,-0.5752885,0.21839654,Rubbing Between Fingers
7240.0,-2.9824755,-8.315506,-1.4026731,0.098544784,-0.8709228,0.19975294,Rubbing Between Fingers
7250.0,-6.525063,-8.641041,-8.11444,0.32759482,-1.0839926,0.30362448,Rubbing Between Fingers
7260.0,-4.648449,-7.5591154,-11.513409,0.42347625,-1.2597752,0.42347625,Rubbing Between Fingers
7270.0,-2.1590633,-7.0133657,-3.7292912,0.28498086,-1.4781717,0.49006054,Rubbing Between Fingers
7280.0,0.12925656,-8.200611,4.73462,-0.061257567,-1.7951131,0.4927239,Rubbing Between Fingers
7290.0,-2.6282167,-8.966576,-1.1920328,-0.43945646,-2.1014009,0.4767437,Rubbing Between Fingers
7300.0,-5.28037,-7.7793303,-5.586756,-0.7430809,-2.2398963,0.46076345,Rubbing Between Fingers
7310.0,-5.634629,-7.9516726,-12.317672,-0.9747943,-2.1573317,0.407496,Rubbing Between Fingers
7320.0,-3.7484405,-6.697405,-8.00912,-1.1559037,-1.8989847,0.29563436,Rubbing Between Fingers
7330.0,0.42606795,-8.171887,5.328243,-1.243795,-1.5207857,0.10919827,Rubbing Between Fingers
7340.0,-1.7282082,-9.244238,0.76117754,-1.1186165,-1.0546955,-0.061257567,Rubbing Between Fingers
7350.0,-4.4473834,-8.2676325,-3.9495063,-0.71378386,-0.5326745,-0.18643607,Rubbing Between Fingers
7360.0,-5.873993,-8.353804,-12.049584,-0.22105992,0.0026633726,-0.24769364,Rubbing Between Fingers
7370.0,-4.6293,-7.654861,-9.837861,0.14382212,0.52734774,-0.2903076,Rubbing Between Fingers
7380.0,-2.360129,-8.037844,0.99096704,0.21839654,1.0253984,-0.34623843,Rubbing Between Fingers
7390.0,-0.6558574,-7.6452866,4.476107,0.10387153,1.4542015,-0.43945646,Rubbing Between Fingers
7400.0,-3.2984362,-8.315506,-2.3122563,-0.09588141,1.8057666,-0.5832786,Rubbing Between Fingers
7410.0,-7.4059224,-8.23891,-11.925115,-0.30628785,2.0614502,-0.6818234,Rubbing Between Fingers
7420.0,-4.150572,-6.170804,-11.130426,-0.43945646,2.2345695,-0.65518963,Rubbing Between Fingers
7430.0,-2.6377914,-7.8846507,-0.99096704,-0.42347625,2.322461,-0.54865474,Rubbing Between Fingers
7440.0,-3.231414,-8.842107,-0.8856468,-0.16246572,2.26653,-0.41282275,Rubbing Between Fingers
7450.0,-7.2144313,-8.487848,-7.4729443,0.292971,2.0188365,-0.27699074,Rubbing Between Fingers
7460.0,-4.284616,-6.9463434,-11.350641,0.7856949,1.5900334,-0.14382212,Rubbing Between Fingers
7470.0,-3.5952475,-6.6016593,-7.137835,1.0733391,1.0919827,-0.015980236,Rubbing Between Fingers
7480.0,-1.1920328,-8.784659,4.7920675,0.63121927,0.1651291,0.15980235,Rubbing Between Fingers
7490.0,-2.1207652,-9.215514,0.33032233,0.63121927,0.1651291,0.15980235,Rubbing Between Fingers
7500.0,-4.8303657,-8.34423,-5.299519,0.07191106,-0.18377271,0.27699074,Rubbing Between Fingers
7510.0,-5.979313,-7.808054,-12.729378,-0.43412971,-0.49805066,0.39417914,Rubbing Between Fingers
7520.0,-3.3941817,-6.2474008,-9.215514,-0.721774,-0.8469525,0.44744658,Rubbing Between Fingers
7530.0,-0.40691882,-7.35805,5.2037735,-0.7377542,-1.2198247,0.4367931,Rubbing Between Fingers
7540.0,-1.5941644,-9.071896,0.90479594,-0.52468437,-1.5420927,0.45277333,Rubbing Between Fingers
7550.0,-5.3378177,-7.855927,-4.2463174,-0.17844597,-1.8031032,0.5406646,Rubbing Between Fingers
7560.0,-5.682502,-6.745278,-12.078308,0.13849537,-2.0614502,0.70579374,Rubbing Between Fingers
7570.0,-4.3133397,-7.195282,-10.182545,0.2530204,-2.3624115,0.91620016,Rubbing Between Fingers
7580.0,-2.4558747,-8.00912,-0.45479164,0.09588141,-2.6633725,1.107963,Rubbing Between Fingers
7590.0,-1.8239537,-8.411251,3.5665238,-0.3196047,-2.809858,1.1372601,Rubbing Between Fingers
7600.0,-3.126094,-8.957002,-2.6282167,-0.9002199,-2.737947,0.90554667,Rubbing Between Fingers
7610.0,-6.1612296,-8.085716,-10.125097,-1.4675183,-2.466283,0.51136756,Rubbing Between Fingers
7620.0,-4.466532,-7.0133657,-11.436812,-1.7684793,-2.0348167,0.11985177,Rubbing Between Fingers
7630.0,-2.7431116,-7.3389006,-2.9441774,-1.6060137,-1.4834985,-0.18110934,Rubbing Between Fingers
7640.0,-1.14416,-6.668681,6.0367603,-0.98278445,-0.8629327,-0.40483263,Rubbing Between Fingers
7650.0,-2.149489,-8.430401,-2.9920502,-0.17844597,-0.22105992,-0.47940707,Rubbing Between Fingers
7660.0,-7.02294,-9.31126,-10.010203,0.4847338,0.44211984,-0.4261396,Rubbing Between Fingers
7670.0,-3.4037561,-7.3197513,-10.010203,0.79102165,1.1159531,-0.3302582,Rubbing Between Fingers
7680.0,-2.9633265,-7.693159,-6.180379,0.8176554,1.7018951,-0.29829773,Rubbing Between Fingers
7690.0,0.6271337,-7.3006024,5.1367517,0.71378386,2.1280346,-0.3409117,Rubbing Between Fingers
7700.0,-2.5420458,-8.047418,0.42606795,0.59925884,2.3837185,-0.39151576,Rubbing Between Fingers
7710.0,-5.6633525,-8.21976,-4.763344,0.52468437,2.5515108,-0.36754543,Rubbing Between Fingers
7720.0,-6.544212,-7.501668,-12.834699,0.5060408,2.6580458,-0.3196047,Rubbing Between Fingers
7730.0,-4.0739756,-6.563361,-9.167642,0.63388264,2.6580458,-0.2823175,Rubbing Between Fingers
7740.0,-1.1537346,-8.133589,2.494173,0.9348438,2.4769366,-0.29829773,Rubbing Between Fingers
7750.0,-4.284616,-8.545295,-4.610151,1.2810822,2.1200445,-0.30362448,Rubbing Between Fingers
7760.0,-7.3389006,-8.076141,-11.082554,1.4515381,1.6699346,-0.26633725,Rubbing Between Fingers
7770.0,-3.7292912,-6.2091026,-9.732541,1.3077159,1.1852008,-0.2530204,Rubbing Between Fingers
7780.0,-1.6707608,-7.3676243,-1.8335283,0.89755654,0.68448675,-0.27432737,Rubbing Between Fingers
7790.0,-0.4356425,-7.654861,3.4707782,0.33558494,0.23704016,-0.28498086,Rubbing Between Fingers
7800.0,-4.6005764,-8.334655,-2.34098,-0.21573317,-0.135832,-0.2610105,Rubbing Between Fingers
7810.0,-7.6452866,-8.6697645,-9.96233,-0.6471995,-0.4660902,-0.21839654,Rubbing Between Fingers
7820.0,-4.619725,-7.3676243,-10.546378,-0.85494256,-0.814992,-0.19975294,Rubbing Between Fingers
7830.0,-2.5516202,-6.9176197,-4.0356774,-0.8336356,-1.1638938,-0.17045584,Rubbing Between Fingers
7840.0,0.19627848,-7.9708214,5.06973,-0.60724896,-1.464855,-0.034623843,Rubbing Between Fingers
7850.0,-3.078221,-8.621892,-1.5941644,-0.24769364,-1.672598,0.23704016,Rubbing Between Fingers
7860.0,-6.0463347,-8.305931,-5.5771813,0.039950587,-1.8190835,0.52734774,Rubbing Between Fingers
7870.0,-5.5101595,-7.7314577,-12.097457,0.08256455,-1.9629055,0.7457443,Rubbing Between Fingers
7880.0,-4.016528,-6.6016593,-8.411251,-0.117188394,-2.152005,0.85760593,Rubbing Between Fingers
7890.0,-1.383524,-8.028269,2.1111906,-0.41548613,-2.287837,0.8895664,Rubbing Between Fingers
7900.0,-1.1154363,-8.621892,1.3930986,-0.67916,-2.245223,0.814992,Rubbing Between Fingers
7910.0,-4.3995104,-8.478273,-3.7675896,-0.8735862,-2.0028563,0.61790246,Rubbing Between Fingers
7920.0,-6.7261286,-7.855927,-10.680422,-0.9641409,-1.6166672,0.37287214,Rubbing Between Fingers
7930.0,-4.342063,-7.051664,-9.933606,-0.8442891,-1.1692206,0.1464855,Rubbing Between Fingers
7940.0,-1.5750152,-7.2240057,-2.0728924,-0.4660902,-0.6978036,-0.029297099,Rubbing Between Fingers
7950.0,-0.03351096,-7.5974135,5.002708,0.10120816,-0.27965412,-0.20774306,Rubbing Between Fingers
7960.0,-4.4186597,-8.200611,-2.0920415,0.59659547,0.087891296,-0.3489018,Rubbing Between Fingers
7970.0,-7.4537954,-8.957002,-8.564445,0.8070019,0.45277333,-0.41282275,Rubbing Between Fingers
7980.0,-4.2463174,-7.9708214,-10.670848,0.66317976,0.8602693,-0.4367931,Rubbing Between Fingers
7990.0,-3.1452432,-7.3867736,-4.351638,0.33558494,1.251785,-0.49006054,Rubbing Between Fingers
8000.0,-0.50266445,-6.486765,6.4676156,0.029297099,1.5793799,-0.57795185,Rubbing Between Fingers
8010.0,-3.6622694,-8.497422,-3.059072,-0.135832,1.8350637,-0.62056583,Rubbing Between Fingers
8020.0,-7.1665583,-8.641041,-8.11444,-0.19975294,2.0428069,-0.564635,Rubbing Between Fingers
8029.999999999999,-4.6867476,-6.6016593,-11.235746,-0.21573317,2.2132626,-0.45010996,Rubbing Between Fingers
8039.999999999999,-2.7239625,-6.0463347,-5.0314317,-0.17045584,2.3064806,-0.35422856,Rubbing Between Fingers
8050.000000000001,0.37819514,-8.832532,4.1792955,0.034623843,2.26653,-0.3116146,Rubbing Between Fingers
8060.000000000001,-2.8963046,-8.746361,-1.3548003,0.4181495,2.0614502,-0.27432737,Rubbing Between Fingers
8070.0,-5.9218655,-7.6261373,-5.82612,0.81232864,1.744509,-0.1944262,Rubbing Between Fingers
8080.0,-6.563361,-8.104865,-11.197449,0.9668042,1.3929439,-0.12784189,Rubbing Between Fingers
8090.0,-4.926111,-6.0367603,-5.567607,0.76971465,1.0307251,-0.135832,Rubbing Between Fingers
8100.0,-1.14416,-8.191036,1.7856555,0.34623843,0.64453614,-0.20507969,Rubbing Between Fingers
8109.999999999999,-1.3356512,-8.6697645,0.37819514,-0.12784189,0.28498086,-0.271664,Rubbing Between Fingers
8119.999999999999,-5.5580325,-8.803808,-4.8207912,-0.5832786,-0.005326745,-0.31694132,Rubbing Between Fingers
8130.000000000001,-5.912291,-7.5591154,-10.661273,-0.9747943,-0.25035703,-0.36221868,Rubbing Between Fingers
8140.000000000001,-3.7101421,-6.4963393,-7.195282,-1.1985177,-0.50071406,-0.44211984,Rubbing Between Fingers
8150.0,-1.4984187,-8.210186,0.14840569,-1.1612304,-0.7883583,-0.54599136,Rubbing Between Fingers
8160.0,-1.2303311,-8.861256,1.4218222,-0.8815763,-1.0733391,-0.5939321,Rubbing Between Fingers
8170.0,-3.6526947,-8.315506,-2.5037475,-0.50071406,-1.3236961,-0.4953873,Rubbing Between Fingers
8180.0,-6.151655,-8.44955,-8.794233,-0.18377271,-1.5021421,-0.22105992,Rubbing Between Fingers
8189.999999999999,-4.7537694,-7.1857076,-9.445304,-0.061257567,-1.6273206,0.13316862,Rubbing Between Fingers
8200.0,-3.365458,-7.0612383,-3.9399316,-0.20507969,-1.7711427,0.4447832,Rubbing Between Fingers
8210.0,0.2920241,-7.2240057,5.021857,-0.51136756,-1.9842125,0.6711699,Rubbing Between Fingers
8220.0,-2.4558747,-9.253813,-2.360129,-0.8043385,-2.223916,0.84162575,Rubbing Between Fingers
8230.0,-6.6591067,-8.430401,-5.8548436,-0.9321804,-2.3357778,0.9668042,Rubbing Between Fingers
8240.0,-5.519734,-7.3389006,-11.4272375,-0.90554667,-2.223916,0.9641409,Rubbing Between Fingers
8250.0,-3.6622694,-6.2474008,-6.323997,-0.82031876,-1.8883312,0.814992,Rubbing Between Fingers
8260.0,0.56011176,-8.353804,5.0984535,-0.6978036,-1.4169142,0.5752885,Rubbing Between Fingers
8270.0,-2.3792782,-8.889979,-0.98139244,-0.45010996,-0.91620016,0.33292156,Rubbing Between Fingers
8280.0,-6.630383,-8.545295,-5.6633525,0.0,-0.4367931,0.11985177,Rubbing Between Fingers
8290.0,-5.4431376,-6.8122997,-10.833615,0.53800124,0.031960472,0.005326745,Rubbing Between Fingers
8300.0,-3.5856729,-6.7069798,-7.4154973,1.0174084,0.52468437,0.007990118,Rubbing Between Fingers
8310.0,-1.1633091,-8.516571,2.5516202,1.2651019,1.0413786,0.037287217,Rubbing Between Fingers
8320.0,-1.8335283,-8.526146,0.512239,1.2757554,1.5074688,-0.031960472,Rubbing Between Fingers
8330.0,-4.8590894,-8.621892,-4.849515,1.0706757,1.8457172,-0.20507969,Rubbing Between Fingers
8340.0,-5.538883,-7.511243,-11.082554,0.75107104,2.0507967,-0.35422856,Rubbing Between Fingers
8350.0,-3.5856729,-7.1186857,-7.788905,0.46875358,2.1866288,-0.40216926,Rubbing Between Fingers
8360.0,-0.4835153,-6.9080453,2.360129,0.3489018,2.2825103,-0.38086227,Rubbing Between Fingers
8370.0,-2.0537431,-8.210186,0.93351966,0.8895664,2.0481334,-0.21573317,Rubbing Between Fingers
8380.0,-5.49101,-8.870831,-4.0069537,0.8895664,2.0481334,-0.21573317,Rubbing Between Fingers
8390.0,-6.9176197,-8.641041,-12.145329,1.2997258,1.6353108,-0.098544784,Rubbing Between Fingers
8400.0,-3.4707782,-6.525063,-8.889979,1.4408846,1.1239432,-0.02130698,Rubbing Between Fingers
8410.0,-0.3398969,-7.2527294,2.2356598,1.1612304,0.61790246,-0.007990118,Rubbing Between Fingers
8420.0,-1.8335283,-8.411251,2.0728924,0.5539815,0.20774306,-0.007990118,Rubbing Between Fingers
8430.0,-4.926111,-8.171887,-5.634629,-0.11985177,-0.12517852,0.018643608,Rubbing Between Fingers
8440.0,-5.998462,-7.5974135,-11.49426,-0.6392094,-0.44211984,0.05060408,Rubbing Between Fingers
8450.0,-3.5665238,-6.4293175,-8.401677,-0.90554667,-0.793685,0.061257567,Rubbing Between Fingers
8460.0,-1.469695,-8.2676325,1.8431029,-0.9321804,-1.1212798,0.093218036,Rubbing Between Fingers
8470.0,-1.7856555,-8.755936,0.110107444,-0.7856949,-1.3716369,0.20507969,Rubbing Between Fingers
8480.0,-3.7388659,-7.587839,-3.3558834,-0.5726251,-1.5767165,0.41015938,Rubbing Between Fingers
8490.0,-6.410168,-8.305931,-9.569773,-0.407496,-1.8137567,0.6818234,Rubbing Between Fingers
8500.0,-4.3803616,-6.9654927,-10.259142,-0.39151576,-2.1120543,0.9747943,Rubbing Between Fingers
8510.0,-3.518651,-7.1857076,-3.4133308,-0.522021,-2.3890452,1.1931909,Rubbing Between Fingers
8520.0,-0.42606795,-7.8176284,5.787822,-0.7963484,-2.4929168,1.1985177,Rubbing Between Fingers
8530.0,-3.0016246,-8.621892,-2.513322,-1.1345967,-2.3544214,0.9534874,Rubbing Between Fingers
8540.0,-6.2474008,-8.363379,-6.7261286,-1.3663101,-2.0321534,0.5699617,Rubbing Between Fingers
8550.0,-4.342063,-7.434646,-10.622974,-1.3023891,-1.5926968,0.23171341,Rubbing Between Fingers
8560.0,-3.7484405,-6.9080453,-7.0803876,-0.86559606,-1.0839926,0.007990118,Rubbing Between Fingers
8570.0,-1.5462915,-8.382527,3.059072,-0.15713897,-0.53800124,-0.16246572,Rubbing Between Fingers
8580.0,-2.0728924,-8.880404,0.081383765,0.54599136,-0.0026633726,-0.32226807,Rubbing Between Fingers
8590.0,-3.758015,-7.999545,-4.3707867,0.9907746,0.48739716,-0.39151576,Rubbing Between Fingers
8600.0,-5.5771813,-7.7793303,-10.996383,1.0467054,0.9428339,-0.3968425,Rubbing Between Fingers
8610.0,-2.8484318,-7.482519,-1.1250108,0.82031876,1.3343496,-0.4181495,Rubbing Between Fingers
8620.0,-1.4026731,-8.650616,2.427151,0.5300111,1.6433009,-0.5193576,Rubbing Between Fingers
8630.0,-2.972901,-8.44955,-2.88673,0.34623843,1.8856678,-0.60724896,Rubbing Between Fingers
8640.0,-5.82612,-8.44955,-7.7793303,0.3116146,2.066777,-0.5912687,Rubbing Between Fingers
8650.0,-4.3324885,-6.5346375,-10.498506,0.38086227,2.202609,-0.4767437,Rubbing Between Fingers
8660.0,-3.8346114,-6.218677,-7.3006024,0.47940707,2.2745202,-0.35422856,Rubbing Between Fingers
8670.0,-1.4218222,-9.004874,4.648449,0.60991234,2.2505498,-0.28764424,Rubbing Between Fingers
8680.0,-0.78032666,-7.788905,-0.36862057,0.7883583,2.0774305,-0.2610105,Rubbing Between Fingers
8690.0,-4.456958,-8.803808,-5.4431376,0.98278445,1.7551625,-0.2130698,Rubbing Between Fingers
8700.0,-6.017611,-8.889979,-13.275128,1.0680124,1.3503299,-0.15181224,Rubbing Between Fingers
8710.0,-3.5569491,-5.739949,-7.434646,0.9641409,0.92685366,-0.13316862,Rubbing Between Fingers
8720.0,-0.33032233,-7.3867736,2.4367256,0.69247687,0.5140309,-0.122515135,Rubbing Between Fingers
8730.0,-1.3165021,-6.898471,1.4218222,0.34357506,0.16779247,-0.05060408,Rubbing Between Fingers
8740.0,-4.811217,-8.621892,-3.671844,0.01065349,-0.11985177,0.047940705,Rubbing Between Fingers
8750.0,-6.3431463,-9.004874,-9.052747,-0.2423669,-0.39417914,0.10387153,Rubbing Between Fingers
8760.0,-4.916537,-7.3197513,-11.49426,-0.35422856,-0.70579374,0.07457443,Rubbing Between Fingers
8770.0,-3.8537605,-6.745278,-4.6675982,-0.3009611,-1.0307251,0.06658431,Rubbing Between Fingers
8780.0,0.44521707,-7.6069884,5.5101595,-0.15980235,-1.294399,0.18643607,Rubbing Between Fingers
8790.0,-1.3739494,-8.2676325,-1.6324625,-0.087891296,-1.5101322,0.42347625,Rubbing Between Fingers
8800.0,-6.2474008,-9.014449,-6.5059137,-0.17844597,-1.7524991,0.6818234,Rubbing Between Fingers
8810.0,-5.538883,-7.511243,-11.7049,-0.4181495,-2.0774305,0.87624955,Rubbing Between Fingers
8820.0,-3.2792869,-6.333572,-8.650616,-0.6711699,-2.394372,0.97213095,Rubbing Between Fingers
8830.0,-0.6558574,-7.0612383,3.9016335,-0.89755654,-2.5568376,0.9428339,Rubbing Between Fingers
8840.0,-2.2165108,-8.411251,1.0675635,-1.1425868,-2.4849267,0.7883583,Rubbing Between Fingers
8850.0,-4.9452605,-8.679339,-5.452712,-1.3556566,-2.2319062,0.54599136,Rubbing Between Fingers
8860.0,-6.3814445,-7.195282,-11.905966,-1.3769636,-1.8563707,0.3116146,Rubbing Between Fingers
8870.0,-3.7675896,-6.132506,-10.40276,-1.044042,-1.3902805,0.1651291,Rubbing Between Fingers
8880.0,-1.2303311,-7.693159,1.709059,-0.38352564,-0.84162575,0.10120816,Rubbing Between Fingers
8890.0,-1.6037389,-8.124015,2.321831,0.37553552,-0.2530204,0.007990118,Rubbing Between Fingers
8900.0,-4.73462,-8.794233,-5.366541,0.9135368,0.30895123,-0.10387153,Rubbing Between Fingers
8910.0,-6.7069798,-7.721883,-10.680422,1.044042,0.83097225,-0.20774306,Rubbing Between Fingers
8920.0,-3.9495063,-5.9314404,-10.689997,0.82298213,1.2917356,-0.3489018,Rubbing Between Fingers
8930.0,-1.2782038,-6.9463434,-0.28244954,0.49006054,1.6486276,-0.5726251,Rubbing Between Fingers
8940.0,-1.5941644,-8.516571,3.7197168,0.23704016,1.901648,-0.8283089,Rubbing Between Fingers
8950.0,-5.0601554,-8.727212,-5.1367517,0.122515135,2.0641136,-0.9641409,Rubbing Between Fingers
8960.0,-7.5303917,-7.7601814,-10.105948,0.14115874,2.1546683,-0.9108734,Rubbing Between Fingers
8970.0,-3.4324799,-6.37187,-10.038927,0.18643607,2.194619,-0.76172453,Rubbing Between Fingers
8980.0,-2.2069361,-7.281453,-1.3356512,0.22638667,2.1679852,-0.636546,Rubbing Between Fingers
8990.0,-1.2494801,-9.148493,2.7239625,0.2530204,2.0401435,-0.58860534,Rubbing Between Fingers
9000.0,-3.777164,-8.315506,-3.1643922,0.36488205,1.7711427,-0.55930823,Rubbing Between Fingers
9010.0,-6.9942164,-8.1623125,-7.511243,0.55930823,1.3982706,-0.4927239,Rubbing Between Fingers
9020.0,-4.0356774,-6.515488,-11.590006,0.71644723,1.0014281,-0.40483263,Rubbing Between Fingers
9030.0,-2.7239625,-6.6495323,-2.9824755,0.7297641,0.6258925,-0.31427795,Rubbing Between Fingers
9040.0,-0.8186249,-9.0814705,3.2218397,0.59925884,0.30895123,-0.18909945,Rubbing Between Fingers
9050.0,-3.5378,-8.717637,-2.2931073,0.39151576,0.061257567,-0.026633725,Rubbing Between Fingers
9060.0,-6.2091026,-7.4729443,-7.156984,0.17311922,-0.17311922,0.1065349,Rubbing Between Fingers
9070.0,-4.849515,-5.988888,-10.680422,-0.029297099,-0.46076345,0.135832,Rubbing Between Fingers
9080.0,-2.7718353,-6.783576,-4.456958,-0.1944262,-0.8336356,0.055930823,Rubbing Between Fingers
9090.0,-0.9430942,-8.372953,2.1973617,-0.31694132,-1.2065078,0.0,Rubbing Between Fingers
9100.0,-3.231414,-8.305931,-1.4026731,-0.41548613,-1.4888252,0.05060408,Rubbing Between Fingers
9110.0,-5.146326,-7.7793303,-11.398514,-0.5193576,-1.693905,0.22905004,Rubbing Between Fingers
9120.0,-4.131423,-6.8122997,-9.29211,-0.6258925,-1.8909945,0.4767437,Rubbing Between Fingers
9130.0,-2.2356598,-7.5399666,0.54096264,-0.6898135,-2.109391,0.72710073,Rubbing Between Fingers
9140.0,-2.0633178,-7.808054,1.3548003,-0.63121927,-2.245223,0.9215269,Rubbing Between Fingers
9150.0,-3.7101421,-7.702734,-3.690993,-0.48207045,-2.1679852,1.0014281,Rubbing Between Fingers
9160.0,-6.4676156,-7.5591154,-9.713391,-0.35156518,-1.8403904,0.9135368,Rubbing Between Fingers
9170.0,-4.3995104,-6.592085,-10.058076,-0.28498086,-1.3343496,0.6764966,Rubbing Between Fingers
9180.0,-1.7569319,-7.2910275,-1.2399056,-0.20507969,-0.7670513,0.39417914,Rubbing Between Fingers
9190.0,-2.1111906,-9.024023,2.6377914,0.05326745,-0.24503027,0.15980235,Rubbing Between Fingers
9200.0,-4.763344,-8.181462,-2.867581,0.43146634,0.20507969,-0.018643608,Rubbing Between Fingers
9210.0,-6.544212,-7.999545,-9.043172,0.72710073,0.6019222,-0.11985177,Rubbing Between Fingers
9220.0,-3.7388659,-5.950589,-10.651698,0.79901177,0.9774577,-0.16246572,Rubbing Between Fingers
9230.0,-3.604822,-6.3622956,-5.2133484,0.6498629,1.3103793,-0.23704016,Rubbing Between Fingers
9240.0,-3.0016246,-8.411251,-1.929274,0.3968425,1.5341026,-0.41548613,Rubbing Between Fingers
9250.0,-5.8548436,-7.9133744,-5.912291,0.09588141,1.6273206,-0.64453614,Rubbing Between Fingers
9260.0,-5.041006,-6.8410234,-11.072979,-0.1464855,1.6672713,-0.7830315,Rubbing Between Fingers
9270.0,-3.3271596,-5.7495236,-7.1665583,-0.271664,1.7471724,-0.80167514,Rubbing Between Fingers
9280.0,-1.0101161,-8.258059,5.2899446,-0.21839654,1.8510439,-0.7324275,Rubbing Between Fingers
9290.0,-3.7292912,-9.062322,-1.3739494,0.018643608,1.8670242,-0.6125757,Rubbing Between Fingers
9300.0,-5.6633525,-8.372953,-5.950589,0.39950588,1.7152119,-0.48739716,Rubbing Between Fingers
9310.0,-4.322914,-6.7931504,-11.542132,0.75107104,1.4142509,-0.38352564,Rubbing Between Fingers
9320.0,-3.7867386,-6.2282515,-8.248484,0.86825943,1.0227351,-0.3196047,Rubbing Between Fingers
9330.0,-1.5558661,-7.9420977,4.169721,0.6898135,0.5832786,-0.2903076,Rubbing Between Fingers
9340.0,-2.6186423,-8.497422,-0.47394073,0.3009611,0.15181224,-0.24769364,Rubbing Between Fingers
9350.0,-4.456958,-7.7793303,-5.2899446,-0.18377271,-0.21839654,-0.1651291,Rubbing Between Fingers
9360.0,-5.634629,-7.5399666,-11.590006,-0.6658431,-0.5326745,-0.087891296,Rubbing Between Fingers
9370.0,-3.346309,-6.1420803,-8.526146,-1.0733391,-0.82298213,-0.069247685,Rubbing Between Fingers
9380.0,-0.70373017,-7.922949,4.2654667,-1.2917356,-1.1186165,-0.122515135,Rubbing Between Fingers
9390.0,-2.88673,-8.641041,-0.77075213,-1.2464584,-1.3822904,-0.15447561,Rubbing Between Fingers
9400.0,-5.3378177,-8.55487,-7.3006024,-0.91620016,-1.5820433,-0.058594197,Rubbing Between Fingers
9410.0,-4.3995104,-7.3389006,-10.747444,-0.46076345,-1.7365189,0.1464855,Rubbing Between Fingers
9420.0,-2.752686,-5.941015,-6.3527207,-0.14115874,-1.8909945,0.407496,Rubbing Between Fingers
9430.0,-1.0579889,-7.501668,3.0303483,-0.135832,-2.0987375,0.67383325,Rubbing Between Fingers
9440.0,-3.173967,-8.708063,-1.1058618,-0.39417914,-2.309144,0.91886353,Rubbing Between Fingers
9450.0,-5.433563,-8.392102,-5.672927,-0.76172453,-2.394372,1.0573589,Rubbing Between Fingers
9460.0,-4.7920675,-7.4154973,-10.642124,-1.086656,-2.2825103,1.0174084,Rubbing Between Fingers
9470.0,-3.6143966,-6.6591067,-7.156984,-1.2304782,-1.9922026,0.86825943,Rubbing Between Fingers
9480.0,-1.7569319,-8.909128,-1.0101161,-1.0893193,-1.5980235,0.71378386,Rubbing Between Fingers
9490.0,-1.2016073,-7.6835847,2.2260852,-0.63121927,-1.1266066,0.6285559,Rubbing Between Fingers
9500.0,-4.4856815,-8.248484,-4.3612123,0.06658431,-0.6125757,0.5939321,Rubbing Between Fingers
9510.0,-7.156984,-8.11444,-10.958084,0.86559606,-0.14914887,0.53533787,Rubbing Between Fingers
9520.0,-3.8058877,-6.1612296,-9.493176,1.5181223,0.21573317,0.45810008,Rubbing Between Fingers
9530.0,-1.6420372,-7.46337,0.71330476,1.8110933,0.5300111,0.36221868,Rubbing Between Fingers
9540.0,-1.2973529,-7.846352,1.622888,1.6033503,0.83097225,0.2423669,Rubbing Between Fingers
9550.0,-5.9218655,-8.497422,-4.9739842,0.9774577,1.1026362,0.07191106,Rubbing Between Fingers
9560.0,-6.2952733,-8.200611,-11.38894,0.17045584,1.3183694,-0.1464855,Rubbing Between Fingers
9570.0,-2.3314054,-6.4484663,-8.32508,-0.50071406,1.5261124,-0.33292156,Rubbing Between Fingers
9580.0,-2.1303396,-7.3771987,-1.2303311,-0.8176554,1.7152119,-0.4367931,Rubbing Between Fingers
9590.0,-0.8760723,-7.7314577,3.4229054,-0.7643879,1.8537073,-0.407496,Rubbing Between Fingers
9600.0,-3.9495063,-8.382527,-1.4888442,-0.47141695,1.9202917,-0.30362448,Rubbing Between Fingers
9610.0,-7.5974135,-8.650616,-9.464453,-0.12784189,1.9282818,-0.23437679,Rubbing Between Fingers
9620.0,-4.868664,-6.2282515,-11.05383,0.17844597,1.8750143,-0.22638667,Rubbing Between Fingers
9630.0,-3.2409887,-7.3771987,-5.0984535,0.46076345,1.7338555,-0.22905004,Rubbing Between Fingers
9640.0,-1.0101161,-8.803808,5.108028,0.8442891,1.2810822,-0.1065349,Rubbing Between Fingers
9650.0,-2.475024,-8.55487,-2.0537431,0.8070019,0.9907746,-0.04261396,Rubbing Between Fingers
9660.0,-5.7016506,-8.152739,-7.2335806,0.62056583,0.6498629,-0.0026633726,Rubbing Between Fingers
9670.0,-4.6771727,-7.310177,-11.609155,0.3382483,0.31694132,0.026633725,Rubbing Between Fingers
9680.0,-2.7814097,-5.979313,-6.544212,0.034623843,0.015980236,0.07723781,Rubbing Between Fingers
9690.0,-0.5505372,-7.501668,2.666515,-0.21040644,-0.27965412,0.14115874,Rubbing Between Fingers
9700.0,-3.059072,-8.104865,-1.3739494,-0.32493144,-0.6232292,0.18377271,Rubbing Between Fingers
9710.0,-5.041006,-8.23891,-5.38569,-0.3009611,-1.0120816,0.21040644,Rubbing Between Fingers
9720.0,-4.7537694,-7.721883,-11.341067,-0.2130698,-1.3716369,0.26900062,Rubbing Between Fingers
9730.0,-3.997379,-6.0367603,-7.2240057,-0.19176282,-1.6672713,0.37287214,Rubbing Between Fingers
9740.0,-1.8431029,-8.32508,0.12925656,-0.32226807,-1.9043114,0.50071406,Rubbing Between Fingers
9750.0,-2.360129,-8.880404,1.0196906,-0.564635,-2.096074,0.60724896,Rubbing Between Fingers
9760.0,-4.2271686,-8.1623125,-3.499502,-0.7883583,-2.2079358,0.64453614,Rubbing Between Fingers
9770.0,-4.351638,-6.8793216,-9.608071,-0.9108734,-2.1706486,0.5832786,Rubbing Between Fingers
9780.0,-2.8484318,-7.2144313,-1.6611862,-0.92685366,-1.9762224,0.43146634,Rubbing Between Fingers
9790.0,-1.4984187,-8.00912,3.3367343,-0.85494256,-1.651291,0.2530204,Rubbing Between Fingers
9800.0,-3.690993,-8.4686985,-4.619725,-0.63388264,-1.2278148,0.098544784,Rubbing Between Fingers
9810.0,-6.7261286,-8.066567,-8.966576,-0.22638667,-0.7297641,0.005326745,Rubbing Between Fingers
9820.0,-4.016528,-6.7740016,-10.077225,0.31694132,-0.23437679,-0.06658431,Rubbing Between Fingers
9830.0,-1.9771467,-7.137835,-1.776081,0.83097225,0.16246572,-0.17045584,Rubbing Between Fingers
9840.0,-1.9101248,-7.6261373,2.6090677,1.1052996,0.4660902,-0.26900062,Rubbing Between Fingers
9850.0,-5.38569,-8.755936,-4.801642,1.0573589,0.7377542,-0.35422856,Rubbing Between Fingers
9860.0,-6.4484663,-7.6452866,-9.330409,0.7191106,1.0280617,-0.4554367,Rubbing Between Fingers
9870.0,-3.4324799,-6.180379,-9.435729,0.26900062,1.3023891,-0.60724896,Rubbing Between Fingers
9880.0,-2.6090677,-7.1857076,-2.9250283,-0.1464855,1.5261124,-0.7670513,Rubbing Between Fingers
9890.0,-1.4122477,-8.334655,3.3080106,-0.42081288,1.6805881,-0.836299,Rubbing Between Fingers
9900.0,-3.4420545,-8.315506,-4.121848,-0.5140309,1.8004398,-0.7883583,Rubbing Between Fingers
9910.0,-6.5059137,-7.702734,-9.435729,-0.4447832,1.8723509,-0.69247687,Rubbing Between Fingers
9920.0,-4.954835,-6.525063,-11.609155,-0.20507969,1.8563707,-0.6019222,Rubbing Between Fingers
9930.0,-1.8048047,-6.6495323,-2.4845984,0.17844597,1.7072217,-0.5326745,Rubbing Between Fingers
9940.0,-1.2016073,-8.315506,3.8729098,0.6125757,1.4488747,-0.4261396,Rubbing Between Fingers
9950.0,-4.016528,-8.593168,-4.121848,0.9002199,1.1532403,-0.29563436,Rubbing Between Fingers
9960.0,-6.1229315,-7.922949,-7.4537954,0.9028833,0.8469525,-0.20507969,Rubbing Between Fingers
9970.0,-4.2941904,-6.9942164,-10.5080805,0.67383325,0.5193576,-0.16779247,Rubbing Between Fingers
9980.0,-3.078221,-6.936769,-5.653778,0.32759482,0.2130698,-0.12517852,Rubbing Between Fingers
9990.0,-1.3260766,-8.248484,4.1409974,-0.039950587,-0.05060408,-0.039950587,Rubbing Between Fingers
10000.0,-3.5090764,-8.296356,-2.9441774,-0.33558494,-0.3009611,0.07723781,Rubbing Between Fingers
10010.0,-5.9027166,-7.9803963,-7.204857,-0.48207045,-0.57795185,0.17045584,Rubbing Between Fingers
10020.0,-4.0261025,-6.6495323,-10.230418,-0.45810008,-0.8842397,0.20507969,Rubbing Between Fingers
10030.0,-2.800559,-6.438892,-5.835695,-0.3409117,-1.1692206,0.23970354,Rubbing Between Fingers
10040.0,-0.8856468,-7.999545,3.2888615,-0.23171341,-1.4142509,0.3382483,Rubbing Between Fingers
10050.0,-3.6143966,-8.602742,-2.3792782,-0.21573317,-1.6539544,0.50337744,Rubbing Between Fingers
10060.0,-5.529309,-8.171887,-5.82612,-0.31427795,-1.901648,0.69247687,Rubbing Between Fingers
10070.0,-4.935686,-7.2910275,-10.335738,-0.46342683,-2.1413515,0.85494256,Rubbing Between Fingers
10080.0,-3.4324799,-6.5537868,-7.7984796,-0.59659547,-2.26653,0.9348438,Rubbing Between Fingers
10090.0,-1.9771467,-7.9899707,2.3505547,-0.6978036,-2.181302,0.85760593,Rubbing Between Fingers
10100.0,-2.6186423,-8.21976,-0.46436617,-0.7670513,-1.8750143,0.63121927,Rubbing Between Fingers
10110.0,-4.121848,-8.152739,-3.777164,-0.7191106,-1.4115875,0.35689193,Rubbing Between Fingers
10120.0,-6.1899533,-7.999545,-9.914457,-0.42880297,-0.8922298,0.135832,Rubbing Between Fingers
10130.0,-4.1888704,-6.8122997,-10.517654,0.12517852,-0.36488205,0.0,Rubbing Between Fingers
10140.0,-2.4367256,-6.7357035,-1.1058618,0.7963484,0.08522792,-0.15980235,Rubbing Between Fingers
10150.0,-1.776081,-7.8846507,2.1111906,1.3077159,0.44744658,-0.3302582,Rubbing Between Fingers
10160.0,-3.3367343,-7.999545,-4.150572,1.464855,0.7377542,-0.4261396,Rubbing Between Fingers
10170.0,-6.2665496,-7.9516726,-8.047418,1.2491218,1.0227351,-0.4367931,Rubbing Between Fingers
10180.0,-4.3612123,-7.4920936,-10.029352,0.8043385,1.3023891,-0.4660902,Rubbing Between Fingers
10190.0,-2.5994933,-7.4537954,-4.2175937,0.3382483,1.5607363,-0.564635,Rubbing Between Fingers
10200.0,-1.5175679,-8.066567,4.0548263,0.0026633726,1.7897863,-0.6711699,Rubbing Between Fingers
10210.0,-3.7867386,-8.621892,-3.4612036,-0.12517852,1.9708956,-0.6898135,Rubbing Between Fingers
10220.0,-5.692076,-8.076141,-7.7506065,-0.07191106,2.109391,-0.60724896,Rubbing Between Fingers
10230.0,-4.0548263,-7.4729443,-10.469782,0.07457443,2.173312,-0.5060408,Rubbing Between Fingers
